PID,Pair type,Place in protein(0-based), Place in mem(0-based),Step, AAs,Any saltbridge(1-based),Local saltbridge(1-based)
6A2WA,Same,37,0-3,3,KR,38-99;41-140,
2A65A,Opp,281,5-6,1,EK,,
2A65A,Same,281,5-8,3,EE,,
2A65A,Opp,281,6-8,2,KE,,
3A7KA,Opp,248,3-7,4,DK,123-252;252-256,252-256
6AB9A,Opp,222,7-11,4,DK,94-230;230-234,230-234
6AK3B,Opp,245,0-9,9,RD,,
4ATVA,Same,162,0-1,1,DD,163-300,
4AVMA,Opp,56,1-5,4,KE,,
4AVMA,Same,56,1-8,7,KK,65-93,
4AVMA,Same,56,1-9,8,KR,,
4AVMA,Opp,56,5-8,3,EK,65-93,
4AVMA,Opp,56,5-9,4,ER,,
4AVMA,Same,56,5-12,7,EE,,
4AVMA,Same,56,8-9,1,KR,65-93,
4AVMA,Opp,56,8-12,4,KE,65-93,
4AVMA,Opp,56,9-12,3,RE,,
4AVMA,Same,88,4-8,4,DE,61-93;65-93,
4AVMA,Same,88,4-9,5,DD,61-93;65-93;98-102,
4AVMA,Same,88,4-11,7,DE,61-100;61-93;65-93,
4AVMA,Same,88,4-12,8,DE,61-93;65-93,
4AVMA,Opp,88,4-13,9,DK,61-93;65-93;98-102,
4AVMA,Same,88,8-9,1,ED,98-102,
4AVMA,Same,88,8-11,3,EE,61-100,
4AVMA,Same,88,8-12,4,EE,,
4AVMA,Opp,88,8-13,5,EK,98-102,
4AVMA,Same,88,9-11,2,DE,61-100;98-102,
4AVMA,Same,88,9-12,3,DE,98-102,
4AVMA,Opp,88,9-13,4,DK,98-102,98-102
4AVMA,Same,88,11-12,1,EE,61-100,
4AVMA,Opp,88,11-13,2,EK,61-100;98-102,
4AVMA,Opp,88,12-13,1,EK,98-102,
4AVMA,Opp,202,0-1,1,RD,204-208,
4AVMA,Same,202,0-5,5,RR,204-208,
4AVMA,Opp,202,0-6,6,RE,209-212,
4AVMA,Same,202,0-9,9,RK,209-212,
4AVMA,Opp,202,1-5,4,DR,204-208,204-208
4AVMA,Same,202,1-6,5,DE,204-208;209-212,
4AVMA,Opp,202,1-9,8,DK,204-208;209-212,
4AVMA,Opp,202,5-6,1,RE,204-208;209-212,
4AVMA,Same,202,5-9,4,RK,204-208;209-212,
4AVMA,Opp,202,6-9,3,EK,209-212,209-212
5AWZA,Opp,207,5-9,4,DK,88-217;213-217,213-217
3AYFA,Same,509,2-6,4,EE,,
5AYMA,Opp,13,1-4,3,RD,15-18;15-128,15-18
5AYMA,Same,154,1-5,4,DE,,
6B2ZQ,Same,44,2-5,3,RR,,
6B2ZQ,Same,44,2-7,5,RK,,
6B2ZQ,Same,44,2-9,7,RK,,
6B2ZQ,Opp,44,2-12,10,RD,,
6B2ZQ,Same,44,5-7,2,RK,,
6B2ZQ,Same,44,5-9,4,RK,,
6B2ZQ,Opp,44,5-12,7,RD,,
6B2ZQ,Opp,44,5-14,9,RD,,
6B2ZQ,Same,44,7-9,2,KK,,
6B2ZQ,Opp,44,7-12,5,KD,,
6B2ZQ,Opp,44,7-14,7,KD,,
6B2ZQ,Opp,44,9-12,3,KD,,
6B2ZQ,Opp,44,9-14,5,KD,,
6B2ZQ,Same,44,12-14,2,DD,,
6BBJA,Opp,360,2-6,4,RE,360-363,
4BGNA,Opp,62,0-1,1,DR,63-122,
7BP3A,Opp,236,4-8,4,DR,,
2BS2C,Same,210,0-2,2,KK,,
6BUGC,Same,240,4-8,4,DD,,
4BWZA,Same,52,1-4,3,EE,,
4BWZA,Same,52,1-8,7,EE,,
4BWZA,Same,52,4-8,4,EE,,
4BWZA,Same,153,2-3,1,DD,156-305,
4BWZA,Opp,326,4-6,2,RE,,
5C2TD,Opp,33,1-2,1,ER,,
6C3IA,Same,79,0-7,7,ED,80-308;87-309,
6C3IA,Same,79,0-10,10,EE,80-308,
6C3IA,Same,79,7-10,3,DE,87-309,
5C8JI,Opp,86,0-5,5,KD,,
4CADC,Same,132,7-8,1,EE,140-227;141-145,
7CALA,Same,46,0-10,10,DD,57-129,
7CALA,Same,116,0-6,6,RR,,
7CALA,Same,116,0-9,9,RR,,
7CALA,Same,116,6-9,3,RR,,
7CALA,Same,116,6-11,5,RR,,
7CALA,Same,116,6-12,6,RR,57-129,
7CALA,Same,116,9-11,2,RR,,
7CALA,Same,116,9-12,3,RR,57-129,
7CALA,Same,116,11-12,1,RR,57-129,
7CALA,Same,148,0-3,3,RK,138-149,
6CC4A,Same,148,4-5,1,RR,153-158,
4CFGA,Same,83,6-7,1,KK,,
4CFGA,Same,83,6-8,2,KK,,
4CFGA,Opp,83,6-10,4,KE,,
4CFGA,Same,83,7-8,1,KK,,
4CFGA,Opp,83,7-10,3,KE,,
4CFGA,Opp,83,8-10,2,KE,,
6CFWM,Opp,15,12-13,1,DR,28-285;29-49,
6CFWM,Opp,15,12-14,2,DK,28-285,
6CFWM,Same,15,13-14,1,RK,29-49,
6CFWM,Same,191,7-9,2,EE,140-201;140-199,
6CFWM,Opp,233,0-3,3,EK,111-237,
6CFWM,Same,233,0-4,4,EE,238-281,
6CFWM,Opp,233,3-4,1,KE,111-237;238-281,
6CJQA,Same,85,2-5,3,RK,,
6CNMA,Same,127,4-10,6,RR,,
6CQ6A,Opp,219,21-24,3,DR,,
6CSEM,Opp,249,0-6,6,RE,256-400,
6D0JA,Opp,9,15-20,5,DK,,
4D6TJ,Opp,21,8-9,1,ER,,
6DD9A,Opp,105,5-7,2,EK,,
6DD9A,Opp,105,5-8,3,EK,114-115,
6DD9A,Same,105,5-9,4,EE,114-115,
6DD9A,Opp,105,5-15,10,EK,,
6DD9A,Same,105,7-8,1,KK,114-115,
6DD9A,Opp,105,7-9,2,KE,114-115,
6DD9A,Same,105,7-15,8,KK,,
6DD9A,Opp,105,8-9,1,KE,114-115,114-115
6DD9A,Same,105,8-15,7,KK,114-115,
6DD9A,Opp,105,9-15,6,EK,114-115,
4DJIA,Opp,298,5-15,10,ER,,
6DRKA,Opp,915,2-9,7,DR,886-925,
3DTUA,Opp,20,6-7,1,KD,19-28,
4DVEA,Opp,171,1-4,3,DK,173-176,173-176
5DWYA,Opp,38,3-7,4,KD,42-46,42-46
5DWYA,Same,38,3-11,8,KR,42-46,
5DWYA,Opp,38,7-11,4,DR,42-46,
5DWYA,Opp,38,7-14,7,DK,42-46,
5DWYA,Same,38,11-14,3,RK,,
4DXWA,Same,41,0-6,6,ED,48-111,
6DZ7B,Opp,502,3-10,7,ER,,
5E1JA,Same,532,4-7,3,RR,478-537,
6E8JA,Opp,12,10-11,1,DR,24-111,
6E8JA,Opp,103,0-7,7,RE,24-111,
6E9NA,Opp,9,10-11,1,DR,,
6E9NA,Opp,99,0-7,7,RE,,
5EDLA,Same,66,1-8,7,EE,,
6EDQA,Opp,223,5-9,4,DK,,
3EH3A,Opp,392,0-5,5,RD,,
5EIKA,Same,108,5-12,7,KK,,
5EIKA,Same,153,0-8,8,KK,37-162,
5EIKA,Opp,153,8-11,3,KE,37-162;165-169,
5EK0A,Same,128,2-5,3,RR,50-131,
5EK0A,Same,128,2-8,6,RR,50-131;76-137;97-137,
5EK0A,Same,128,5-8,3,RR,76-137;97-137,
6EL1O,Opp,187,2-3,1,KD,187-190,
6EL1O,Opp,187,2-9,7,KE,187-190,
6EL1O,Same,187,3-9,6,DE,,
6EL1O,Opp,211,1-5,4,KE,,
6EL1O,Same,211,1-8,7,KK,,
6EL1O,Same,211,1-9,8,KK,,
6EL1O,Opp,211,5-8,3,EK,,
6EL1O,Opp,211,5-9,4,EK,,
6EL1O,Same,211,8-9,1,KK,,
6F36M,Same,136,0-7,7,RR,137-214,
6F36N,Opp,11,7-9,2,RD,21-25,
4F4CA,Same,907,8-10,2,RR,212-918,
2F93A,Opp,196,3-7,4,DK,74-204,
6FFCA,Opp,390,0-4,4,KD,,
6FFCA,Same,390,0-9,9,KR,,
6FFCA,Opp,390,4-9,5,DR,,
6FMXA,Opp,80,7-8,1,DR,,
6FOS2,Same,13,1-4,3,KR,,
6FV6A,Opp,84,13-14,1,KD,,
6FV6A,Opp,209,4-5,1,ER,,
6FV6A,Opp,241,3-5,2,RE,,
6FV6A,Opp,380,5-9,4,ER,,
6G2JY,Same,53,0-3,3,RR,,
3G6BA,Opp,89,1-2,1,RE,,
4G7VS,Opp,136,2-8,6,ER,,
4G7VS,Opp,136,2-11,9,ER,,
4G7VS,Same,136,8-11,3,RR,,
4G7VS,Same,136,8-14,6,RR,108-151,
4G7VS,Same,136,11-14,3,RR,108-151,
6G72L,Same,453,1-2,1,KR,,
6GCS5,Opp,383,12-13,1,KD,,
6GCTA,Same,53,2-5,3,RR,59-402,
6GCTA,Same,398,4-8,4,DD,,
6GCTA,Opp,398,4-9,5,DR,,
6GCTA,Opp,398,8-9,1,DR,,
6GCTA,Same,398,8-17,9,DE,,
6GCTA,Opp,398,9-17,8,RE,,
6GJEB,Same,51,0-3,3,DE,,
6GJEB,Opp,51,0-5,5,DK,,
6GJEB,Opp,51,3-5,2,EK,,
5GLIA,Opp,186,2-3,1,KD,189-190;190-259,189-190
6GS1A,Same,13,0-3,3,EE,17-18,
6GS1A,Opp,13,0-4,4,ER,17-18,
6GS1A,Opp,13,3-4,1,ER,17-18,17-18
5GUWB,Same,197,4-8,4,EE,198-202;202-249;202-250,
5GXBA,Opp,297,0-6,6,KE,,
5GYRA,Opp,15,1-9,8,EK,,
6GY6B,Opp,186,1-2,1,KD,185-188,
6GY6B,Same,186,1-8,7,KK,185-188,
6GY6B,Opp,186,1-9,8,KD,185-188,
6GY6B,Opp,186,1-11,10,KD,185-188,
6GY6B,Opp,186,2-8,6,DK,,
6GY6B,Same,186,2-9,7,DD,,
6GY6B,Same,186,2-11,9,DD,,
6GY6B,Opp,186,8-9,1,KD,,
6GY6B,Opp,186,8-11,3,KD,,
6GY6B,Opp,186,8-14,6,KD,,
6GY6B,Same,186,9-11,2,DD,,
6GY6B,Same,186,9-14,5,DD,,
6GY6B,Same,186,11-14,3,DD,,
6GY6B,Opp,214,0-4,4,KE,219-222,
6GY6B,Same,214,0-7,7,KR,219-222,
6GY6B,Same,214,0-8,8,KK,,
6GY6B,Opp,214,4-7,3,ER,219-222,219-222
6GY6B,Opp,214,4-8,4,EK,219-222,
6GY6B,Opp,214,4-12,8,EK,219-222;227-230,
6GY6B,Same,214,7-8,1,RK,219-222,
6GY6B,Same,214,7-12,5,RK,219-222;227-230,
6GY6B,Same,214,8-12,4,KK,227-230,
5H3OA,Same,93,4-8,4,DD,,
5H3OA,Same,168,1-4,3,RR,,
5H3OA,Same,168,1-7,6,RR,,
5H3OA,Same,168,4-7,3,RR,,
6H5AA,Opp,150,0-1,1,ER,,
1HBWA,Opp,14,1-10,9,ER,,
1HBWA,Same,14,1-11,10,EE,,
1HBWA,Opp,14,10-11,1,RE,,
1HBWA,Opp,14,10-12,2,RD,,
1HBWA,Opp,14,10-14,4,RD,29-33,
1HBWA,Same,14,11-12,1,ED,,
1HBWA,Same,14,11-14,3,ED,29-33,
1HBWA,Same,14,12-14,2,DD,29-33,
6HD8B,Same,89,12-16,4,KR,51-106,
4HUQT,Same,80,0-3,3,KR,,
6HUMC,Same,71,1-3,2,DE,,
6HUMF,Opp,398,7-8,1,KD,,
6HUMF,Opp,398,7-9,2,KE,,
6HUMF,Same,398,8-9,1,DE,,
4HW9A,Same,53,10-12,2,RK,,
4HWAA,Same,59,6-14,8,RR,,
4HYJA,Opp,113,0-5,5,KD,,
4HYJA,Opp,216,4-8,4,DK,85-225,
6I1RA,Opp,35,2-5,3,EK,,
5I9KA,Same,43,3-5,2,DE,,
5I9KA,Same,75,0-6,6,RR,,
6IIUA,Opp,431,0-9,9,RD,,
6IJJL,Same,6,5-13,8,RR,12-23,
6IJJL,Opp,6,13-16,3,RE,12-23,
4IKVA,Same,30,1-4,3,EE,35-36,
4IKVA,Opp,30,1-5,4,ER,35-36,
4IKVA,Opp,30,4-5,1,ER,35-36,35-36
4IL3A,Same,364,4-10,6,DE,84-369;317-375,
6IRSB,Opp,85,0-5,5,ER,82-86,
6IRSB,Opp,147,0-6,6,DK,,
6IXGA,Opp,9,0-1,1,EK,,
6IXGA,Same,9,0-7,7,ED,,
6IXGA,Same,9,0-8,8,ED,18-21;18-22,
6IXGA,Opp,9,1-7,6,KD,,
6IXGA,Opp,9,1-8,7,KD,18-21;18-22,
6IXGA,Same,9,1-11,10,KR,18-21;21-25,
6IXGA,Same,9,7-8,1,DD,18-21;18-22,
6IXGA,Opp,9,7-11,4,DR,18-21;21-25,
6IXGA,Opp,9,8-11,3,DR,18-21;18-22;21-25,18-21
6IXGA,Opp,196,3-5,2,KE,,
6IXGA,Same,196,3-7,4,KK,,
6IXGA,Same,196,3-11,8,KK,,
6IXGA,Opp,196,5-7,2,EK,,
6IXGA,Opp,196,5-11,6,EK,,
6IXGA,Same,196,7-11,4,KK,,
6IYUA,Same,103,5-12,7,KK,,
6IYUA,Opp,103,5-13,8,KE,117-120,
6IYUA,Opp,103,12-13,1,KE,117-120,
6IYUA,Same,103,12-16,4,KR,117-120,
6IYUA,Same,103,12-18,6,KR,,
6IYUA,Same,103,12-19,7,KK,,
6IYUA,Opp,103,13-16,3,ER,117-120,117-120
6IYUA,Opp,103,13-18,5,ER,117-120,
6IYUA,Opp,103,13-19,6,EK,117-120,
6IYUA,Same,103,16-18,2,RR,117-120,
6IYUA,Same,103,16-19,3,RK,117-120,
6IYUA,Same,103,18-19,1,RK,,
4J05A,Same,46,0-3,3,DD,,
2J58A,Same,339,6-9,3,DE,345-346;345-349,
3J9PD,Same,370,3-7,4,KR,,
3JAVA,Same,2327,1-6,5,KR,,
3JAVA,Opp,2412,6-10,4,DR,,
6JBJA,Opp,76,8-11,3,KD,85-88,85-88
6JD2A,Opp,198,6-10,4,KD,205-209,205-209
6JD2A,Same,227,3-6,3,EE,234-237,
6JD2A,Opp,227,3-9,6,ER,234-237;237-241,
6JD2A,Opp,227,6-9,3,ER,234-237;237-241,234-237
6JD2A,Opp,302,0-3,3,RE,,
6JD2A,Opp,302,0-9,9,RE,,
6JD2A,Same,302,3-9,6,EE,,
6JD2A,Opp,302,3-12,9,EK,,
6JD2A,Opp,302,9-12,3,EK,,
6JD2A,Same,302,9-14,5,EE,,
6JD2A,Opp,302,12-14,2,KE,,
7JJPA,Opp,28,3-12,9,RE,32-168,
5JSIA,Opp,192,2-6,4,DK,68-195,
3K07A,Same,351,0-1,1,EE,349-352,
3K3FA,Opp,185,0-4,4,KE,182-186;186-195,
3K3FA,Opp,185,0-9,9,KD,182-186;186-195,186-195
3K3FA,Same,185,4-9,5,ED,186-195,
2K73A,Opp,45,1-2,1,ER,26-48,
2K73A,Opp,77,5-12,7,RE,,
5K7LA,Same,244,0-4,4,DD,245-321;249-321;249-324,
5K7LA,Same,244,0-10,10,DD,245-321;255-327,
5K7LA,Same,244,4-10,6,DD,249-321;249-324;255-327,
5K7LA,Same,287,2-10,8,DD,290-327,
5K7LA,Same,315,2-5,3,KR,245-321;249-321,
5K7LA,Same,315,2-8,6,KR,249-324,
5K7LA,Same,315,2-11,9,KR,255-327;290-327,
5K7LA,Same,315,5-8,3,RR,245-321;249-321;249-324,
5K7LA,Same,315,5-11,6,RR,245-321;249-321;255-327;290-327,
5K7LA,Same,315,8-11,3,RR,249-324;255-327;290-327,
5KC0A,Opp,55,5-6,1,KD,39-61;61-62,61-62
5KC0A,Opp,146,4-8,4,KD,36-151;39-151,
4KNFA,Opp,227,1-5,4,DK,95-229;229-233,229-233
4KPPA,Same,249,5-8,3,EE,,
6KSWC,Same,198,15-16,1,RK,46-215,
5L22B,Same,59,11-13,2,RK,71-130,
5L22B,Same,229,7-10,3,RR,,
5L22B,Opp,272,1-7,6,RD,,
5L75G,Opp,47,9-10,1,KD,,
2LCKA,Same,75,0-8,8,RR,16-76,
2LCKA,Opp,75,8-13,5,RD,,
2LCKA,Same,75,8-16,8,RK,,
2LCKA,Opp,75,13-16,3,DK,,
2LCKA,Opp,171,1-9,8,RE,,
5LKIA,Opp,2150,7-14,7,RD,,
5LKIA,Same,2182,2-9,7,EE,,
6LKNA,Same,37,0-1,1,RR,35-38;39-258;39-337,
6LLEA,Opp,968,0-9,9,KD,,
6LLEA,Opp,968,0-10,10,KE,,
6LLEA,Same,968,9-10,1,DE,,
2LOQA,Opp,15,1-4,3,DR,,
6LW5A,Opp,203,0-7,7,KD,211-306,
6LW5A,Same,305,0-4,4,RR,211-306,
6LYPA,Opp,6,0-3,3,DR,,
6LYPA,Same,38,14-16,2,RK,,
2M0QA,Same,88,1-2,1,ED,,
2M0QA,Same,88,1-5,4,EE,,
2M0QA,Opp,88,1-6,5,EK,,
2M0QA,Opp,88,1-8,7,EK,,
2M0QA,Same,88,2-5,3,DE,,
2M0QA,Opp,88,2-6,4,DK,,
2M0QA,Opp,88,2-8,6,DK,,
2M0QA,Opp,88,5-6,1,EK,,
2M0QA,Opp,88,5-8,3,EK,,
2M0QA,Same,88,6-8,2,KK,,
6M04A,Same,175,3-6,3,KK,,
4M64B,Opp,17,0-1,1,KD,,
4M64B,Opp,47,4-7,3,RD,,
5M87A,Same,105,1-8,7,ED,107-356;114-357;114-361,
5M87A,Same,105,1-11,10,EE,107-356,
5M87A,Same,105,8-11,3,DE,114-357;114-361,
5MG3E,Opp,48,1-6,5,DR,50-55,50-55
6MGVA,Same,433,5-13,8,DE,,
6MGVA,Opp,433,13-18,5,EK,,
6MGVA,Opp,482,3-5,2,ER,,
1MHSA,Opp,694,0-8,8,RE,695-730,
6MHOB,Opp,347,14-15,1,KE,,
5MKEA,Same,256,13-14,1,EE,,
4MNDA,Same,411,0-1,1,DE,,
4MNDA,Opp,411,0-2,2,DR,354-414,
4MNDA,Opp,411,1-2,1,ER,354-414,
4MRNA,Opp,90,0-7,7,RD,98-101,
4MRNA,Same,90,0-10,10,RR,98-101,
4MRNA,Opp,90,7-10,3,DR,98-101,98-101
4MRNA,Opp,308,4-7,3,RD,,
6MRTA,Same,11,2-6,4,DD,,
6MRTA,Opp,11,2-10,8,DK,,
6MRTA,Opp,11,6-10,4,DK,,
6MRTA,Same,11,6-13,7,DD,,
6MRTA,Opp,11,10-13,3,KD,,
6MRTA,Same,166,0-1,1,RK,167-197,
6MRTA,Opp,166,0-2,2,RE,167-197,
6MRTA,Opp,166,1-2,1,KE,,
6MRTA,Opp,188,8-10,2,EK,167-197,
6N40A,Opp,680,8-13,5,DR,,
5N6HA,Opp,121,9-12,3,ER,131-134,131-134
6NC6A,Same,43,5-6,1,RK,,
5NF8A,Opp,11,0-1,1,ER,,
5NF8A,Same,11,0-2,2,ED,,
5NF8A,Same,11,0-4,4,ED,16-23,
5NF8A,Same,11,0-5,5,ED,,
5NF8A,Same,11,0-10,10,EE,,
5NF8A,Opp,11,1-2,1,RD,,
5NF8A,Opp,11,1-4,3,RD,16-23,
5NF8A,Opp,11,1-5,4,RD,,
5NF8A,Opp,11,1-10,9,RE,,
5NF8A,Same,11,2-4,2,DD,16-23,
5NF8A,Same,11,2-5,3,DD,,
5NF8A,Same,11,2-10,8,DE,,
5NF8A,Same,11,4-5,1,DD,16-23,
5NF8A,Same,11,4-10,6,DE,16-23,
5NF8A,Same,11,5-10,5,DE,,
5NF8A,Opp,93,1-2,1,KE,,
5NF8A,Opp,93,1-3,2,KE,,
5NF8A,Same,93,1-6,5,KK,,
5NF8A,Opp,93,1-7,6,KE,,
5NF8A,Same,93,1-8,7,KK,,
5NF8A,Same,93,2-3,1,EE,,
5NF8A,Opp,93,2-6,4,EK,,
5NF8A,Same,93,2-7,5,EE,,
5NF8A,Opp,93,2-8,6,EK,,
5NF8A,Opp,93,3-6,3,EK,,
5NF8A,Same,93,3-7,4,EE,,
5NF8A,Opp,93,3-8,5,EK,,
5NF8A,Opp,93,6-7,1,KE,,
5NF8A,Same,93,6-8,2,KK,,
5NF8A,Opp,93,7-8,1,EK,,
5NF8A,Same,135,1-3,2,EE,,
5NF8A,Same,135,1-4,3,EE,,
5NF8A,Same,135,1-5,4,EE,,
5NF8A,Same,135,3-4,1,EE,,
5NF8A,Same,135,3-5,2,EE,,
5NF8A,Same,135,4-5,1,EE,,
6NF4A,Opp,323,7-8,1,EK,,
5NL2A,Opp,554,0-7,7,ER,,
5NL2A,Opp,646,7-12,5,EK,,
4NTJA,Opp,72,0-6,6,KD,,
6NWDA,Opp,219,3-7,4,DK,223-227,223-227
3NYMA,Opp,59,0-2,2,DK,,
3NYMA,Same,59,0-6,6,DD,,
3NYMA,Same,59,0-9,9,DE,,
3NYMA,Opp,59,2-6,4,KD,,
3NYMA,Opp,59,2-9,7,KE,,
3NYMA,Same,59,6-9,3,DE,,
4O6MA,Opp,329,0-2,2,DR,271-332,
4O6YA,Opp,165,12-13,1,EK,,
2OARA,Opp,46,9-12,3,KD,,
6OB6A,Opp,255,0-4,4,DR,,
5OC9A,Opp,336,5-9,4,ER,,
4OH3A,Same,27,5-8,3,EE,33-37,
4OH3A,Opp,27,5-9,4,ER,33-37,33-37
4OH3A,Opp,27,8-9,1,ER,33-37,
4OH3A,Opp,330,13-14,1,DR,,
4OH3A,Opp,330,13-18,5,DR,,
4OH3A,Same,330,14-18,4,RR,,
6OH4A,Opp,34,3-6,3,EK,38-41,38-41
6OLYA,Opp,53,15-16,1,ER,,
6OLYA,Same,53,15-19,4,EE,,
6OLYA,Opp,53,16-19,3,RE,,
5OQKA,Same,34,5-9,4,ED,,
5OQKA,Same,121,4-7,3,RR,33-126;95-129,
5OQTA,Same,106,2-6,4,DE,,
6OWXA,Opp,45,0-5,5,EK,,
4P6VB,Opp,139,8-9,1,KE,,
6PE4A,Opp,691,20-30,10,ER,,
6PE4A,Opp,691,30-35,5,RE,,
3PJZA,Opp,459,8-10,2,RE,357-470;360-470,
6PUOA,Same,745,9-10,1,EE,,
6PUOA,Opp,781,1-3,2,KD,,
6PUOA,Opp,812,2-9,7,DR,,
6PUOA,Opp,844,0-1,1,KD,,
1PW4A,Same,33,10-11,1,RK,45-273,
1PW4A,Opp,260,7-12,5,RD,45-273,
6PW4A,Opp,527,0-1,1,KD,,
6PW4A,Same,527,0-4,4,KR,,
6PW4A,Opp,527,1-4,3,DR,,
4Q2EA,Same,228,6-10,4,DD,187-239,
4Q2EA,Opp,265,0-1,1,DR,,
4Q2EA,Same,265,0-3,3,DD,,
4Q2EA,Opp,265,1-3,2,RD,,
4Q4AA,Same,27,7-11,4,ED,35-146;39-146,
2Q7MA,Same,87,6-8,2,RK,,
2Q7MA,Same,114,1-2,1,KR,,
3Q7KA,Opp,153,0-2,2,DK,154-158;156-208,
3Q7KA,Same,153,0-9,9,DE,154-158,
3Q7KA,Opp,153,2-9,7,KE,156-208,
6QU1A,Same,189,0-3,3,KK,,
6QU1A,Opp,189,0-6,6,KE,,
6QU1A,Same,189,0-10,10,KR,,
6QU1A,Opp,189,3-6,3,KE,,
6QU1A,Same,189,3-10,7,KR,,
6QU1A,Opp,189,6-10,4,ER,,
6QU1A,Same,220,6-9,3,RK,,
6QUZB,Opp,284,2-6,4,RE,,
6R7DA,Same,88,6-8,2,RR,,
6RD43,Opp,11,0-4,4,KE,,
6RD43,Opp,11,0-5,5,KE,,
6RD43,Same,11,4-5,1,EE,,
3RKOL,Opp,390,8-9,1,KD,,
3RKOL,Opp,390,8-10,2,KE,,
3RKOL,Same,390,9-10,1,DE,,
6RKOB,Same,17,7-10,3,DD,25-99,
6RKOA,Same,97,0-8,8,EE,,
6ROJA,Opp,39,0-3,3,EK,40-43,40-43
6ROJA,Opp,71,11-12,1,KE,83-334,
6RW8A,Opp,2142,5-6,1,EK,,
6RW9A,Opp,2235,1-6,5,RE,,
6RW9A,Same,2235,1-7,6,RK,,
6RW9A,Opp,2235,6-7,1,EK,,
4RY2A,Opp,422,6-10,4,KD,,
6S7VA,Opp,12,4-7,3,ER,17-20,17-20
6SH3A,Same,9,11-16,5,RK,,
6SHKA,Opp,28,1-5,4,EK,30-34,30-34
6SHKA,Same,28,1-10,9,ED,30-34,
6SHKA,Opp,28,5-10,5,KD,30-34,
6SL56,Same,68,2-4,2,ED,,
6SL56,Opp,151,2-6,4,KD,,
6SL56,Same,151,2-10,8,KK,,
6SL56,Opp,151,6-10,4,DK,,
6SYTA,Same,1515,3-6,3,DE,,
6T6VA,Same,411,0-6,6,RK,,
5TJ6A,Same,168,0-6,6,ED,156-175;175-202,
6TJVF,Same,388,10-13,3,ED,,
6TK1A,Opp,240,3-7,4,DK,109-248,
6TQEA,Opp,132,5-9,4,RD,,
6TQEA,Opp,375,3-9,6,DR,,
4TSYA,Opp,8,5-8,3,DK,14-17,14-17
5TTPA,Opp,167,3-4,1,RE,,
5TTPA,Same,314,4-7,3,RK,,
6TT7K,Opp,19,0-8,8,EK,,
6TT7S,Same,17,1-9,8,EE,,
6TT7S,Opp,17,9-18,9,EK,,
6TT7S,Opp,17,9-19,10,EK,,
6TT7S,Same,17,18-19,1,KK,,
6TT7S,Same,17,18-25,7,KK,,
6TT7S,Same,17,19-25,6,KK,,
6TT7S,Same,17,25-30,5,KK,,
6TT7S,Same,17,25-35,10,KK,,
6TT7S,Same,17,30-35,5,KK,,
6TT7S,Opp,17,30-36,6,KE,,
6TT7S,Opp,17,35-36,1,KE,,
6TT7S,Same,17,36-46,10,EE,,
5TWVB,Opp,300,0-4,4,RD,,
6U1SA,Opp,282,4-8,4,EK,287-291,287-291
5U6OA,Same,86,3-9,6,DD,96-180,
5U6OA,Same,127,2-10,8,DD,,
5U6OA,Same,161,1-4,3,RR,,
5U6OA,Same,161,1-7,6,RR,,
5U6OA,Same,161,4-7,3,RR,,
5U70A,Opp,98,1-7,6,RE,,
5U70A,Same,222,15-16,1,EE,,
6U8YH,Same,214,3-5,2,EE,,
5UARA,Opp,89,3-6,3,EK,93-96,93-96
3UDCA,Opp,21,1-4,3,DK,23-26,23-26
3UDCA,Same,21,4-14,10,KK,23-26,
3UDCA,Opp,21,14-17,3,KD,,
6UKJA,Same,265,5-8,3,DD,,
4UVMA,Same,11,2-5,3,EE,17-18,
4UVMA,Opp,11,2-6,4,ER,17-18,
4UVMA,Opp,11,5-6,1,ER,17-18,17-18
6UWMA,Same,117,6-9,3,RK,36-124;63-127,
6UZZA,Opp,92,0-6,6,KD,71-99;12-93;99-137,
6V1QA,Same,381,2-5,3,RR,,
6V1QA,Same,381,2-8,6,RR,,
6V1QA,Same,381,5-8,3,RR,,
6V2JA,Opp,9,15-16,1,DK,25-118;25-26,25-26
6V4DA,Opp,106,0-7,7,RE,,
5VA2A,Same,171,2-8,6,DD,,
5VA2A,Same,232,0-3,3,RR,,
5VA2A,Same,232,0-6,6,RR,,
5VA2A,Same,232,3-6,3,RR,,
6VP0C,Same,201,1-2,1,RR,,
6VP0C,Opp,201,1-5,4,RE,,
6VP0C,Opp,201,2-5,3,RE,,
6VX5E,Opp,7,1-2,1,RE,9-10;10-264,9-10
6VX5E,Opp,41,3-4,1,DR,,
6W4SF,Opp,15,7-8,1,DR,23-27;23-24,23-24
4W6VA,Same,20,3-6,3,EE,27-28,
4W6VA,Opp,20,3-7,4,ER,27-28,
4W6VA,Opp,20,6-7,1,ER,27-28,27-28
6WB94,Same,152,4-5,1,RK,,
6WB96,Opp,89,1-2,1,RE,29-91,
5WIEB,Same,330,2-5,3,RR,263-333;263-336;220-333,
5WIEB,Same,330,2-8,6,RK,263-333;273-339;296-339;220-333,
5WIEB,Same,330,5-8,3,RK,263-336;273-339;296-339,
3WMFA,Opp,78,3-10,7,ER,39-89,
3WO7A,Same,46,1-10,9,RK,,
3WO7A,Same,46,10-13,3,KK,,
6WP8A,Opp,197,2-6,4,DK,74-204;200-204,200-204
2WSWA,Opp,264,0-2,2,DR,,
5WTRA,Opp,124,12-13,1,RD,23-138;97-137;137-138,137-138
5WTRA,Opp,149,0-1,1,KE,,
5X5YG,Same,53,4-5,1,RR,58-125,
5X5YG,Opp,53,4-8,4,RD,58-125,
5X5YG,Opp,53,5-8,3,RD,,
5X5YG,Opp,302,9-13,4,RD,,
5XEFA,Opp,22,5-6,1,ER,28-117,
5XEFA,Same,22,5-10,5,EE,28-117;33-55,
5XEFA,Opp,22,6-10,4,RE,33-55,
5XEFA,Opp,56,0-1,1,ER,57-94,
5XEFA,Same,56,0-4,4,EE,57-94;61-64,
5XEFA,Same,56,0-5,5,EE,57-94,
5XEFA,Opp,56,0-7,7,EK,57-94;61-64;64-84,
5XEFA,Opp,56,1-4,3,RE,61-64,
5XEFA,Opp,56,1-5,4,RE,,
5XEFA,Same,56,1-7,6,RK,61-64;64-84,
5XEFA,Same,56,4-5,1,EE,61-64,
5XEFA,Opp,56,4-7,3,EK,61-64;64-84,61-64
5XEFA,Opp,56,5-7,2,EK,61-64;64-84,
5XJYA,Opp,1590,0-8,8,RE,,
6XMPA,Same,1054,2-10,8,DE,,
4XXJA,Opp,204,4-8,4,DK,,
5Y78A,Opp,103,1-4,3,KE,108-264,
6Y7FA,Opp,102,6-9,3,KE,109-112;112-166,109-112
6Y7FA,Opp,102,6-12,6,KD,109-112;115-136,
6Y7FA,Same,102,9-12,3,ED,109-112;112-166;115-136,
5YHLA,Opp,249,0-9,9,RD,,
4YMSD,Opp,53,6-9,3,ER,,
4YMSD,Opp,151,0-6,6,EK,,
4YMSD,Same,151,0-7,7,EE,,
4YMSD,Opp,151,6-7,1,KE,,
6YTVA,Opp,10,1-2,1,ER,,
5Z1FA,Opp,411,5-13,8,KE,,
5Z1FA,Opp,411,13-16,3,ER,,
4Z34A,Opp,102,2-7,5,RD,,
4Z34A,Opp,350,0-1,1,EK,,
4Z34A,Same,350,0-8,8,EE,,
4Z34A,Opp,350,1-8,7,KE,,