PID,ResN, Res, ResCoreStart, ResCoreEnd,-7,-6,-5,-4,-3,-2,-1,1,2,3,4,5,6,7,saltbridge,localbridge
6A2JA,12,K,12,27,D,,,,K,,,,,,,,,,D151,
6A2JA,67,R,67,83,,,,E,,,,,,,,,,,,
6A2WA,38,K,38,48,R,,R,,,E,,,,R,,,,,E99,
6A2WA,41,R,38,48,,,E,,K,,,,,,,,,,E140,
6A2WA,99,E,91,99,,,,,,,,,,,,,,,K38,
6A2WA,145,R,141,155,,,E,,,,,,,,,,,,E36,
2A65A,112,E,95,119,,,,,,,,,,,,,,,,
2A65A,196,K,196,207,K,,,E,R,,,,,,,,,,,
2A65A,287,E,282,292,,,,,,,,K,,,,,,,,
2A65A,288,K,282,292,,,,,,,E,,,,,,,,,
2A65A,290,E,282,292,,,,,E,K,,,,,,,,,,
2A65A,419,E,405,421,,,,,,,,,,,,,,,,
2A65A,453,R,450,464,R,,,,,,,,,,,,,,,
6A69A,85,E,81,87,D,,,,,,,,,,,,,,,
6A69B,114,E,111,117,,,,,,,,,,,,,,,,
3A7KA,252,D,249,257,,,,,,,,,,,K,,,,R123;K256,K256
3A7KA,256,K,249,257,,,,D,,,,,,,,,,,D252,D252
6A70B,1078,R,1071,1082,,,,,,,,,,,,,,,,
6A90A,608,E,603,609,,,,,,,,,,,,,,,K612;R662,K612
6A90A,937,D,935,941,,,,,,,,,,,,,,,R994;R997,
6AB9A,18,D,18,31,,,,,E,,,,,,,,,,,
6AB9A,230,D,223,237,,,,,,,,,,,,,,,R94;K234,K234
6AB9A,234,K,223,237,,,,D,,,,,,,,,,,D230,D230
2ACZC,31,R,31,44,,,,,,,,,,,,,,,,
6AK3B,46,D,44,57,,,,,,,,,,,,,,,,
6AK3B,246,R,246,257,,,,,,,,,,,,,,,,
6AK3B,255,D,246,257,,,,,,,,,,,,,,,,
3AOUA,32,K,22,33,,,,,,,,,,,,,,,,
4ATVA,65,D,65,72,,,,,,,,,,,,,,,K57,
4ATVA,133,D,129,135,,,,,,,,,,,,,,,,
4ATVA,163,D,163,171,,,,,,,,D,,,,,,,K300,
4ATVA,164,D,163,171,,,,,,,D,,,,,,,,,
4ATVA,300,K,294,302,,,,,,,,,,,,,,,D163,
4AV3A,716,K,714,720,,,,D,,,,,,,,,,,D252;E255,
4AVMA,58,K,57,70,K,,,,,,,,,,E,,,,,
4AVMA,62,E,57,70,,,,K,,,,,,,,,,,,
4AVMA,65,K,57,70,K,,,,E,,,,,,,,,,D93,
4AVMA,66,R,57,70,,,,E,,,,,,,,,,,,
4AVMA,69,E,57,70,E,,,,,,,,,,,,,,,
4AVMA,93,D,89,102,K,,,,,,,,,,,,,,H61;K65,
4AVMA,97,E,89,102,,,,D,,,,,,,,,,,,
4AVMA,98,D,89,102,,,D,,,,,,,,,,,,K102,K102
4AVMA,100,E,89,102,D,,,,,,,,,,,,,,H61,
4AVMA,101,E,89,102,,,,,,,,,,,,,,,,
4AVMA,102,K,89,102,,,,,,,,,,,,,,,D98,D98
4AVMA,203,R,203,217,,,,,,,,D,,,,R,E,,,
4AVMA,204,D,203,217,,,,,,,R,,,,R,E,,,R208,R208
4AVMA,208,R,203,217,,,R,D,,,,E,,,,,,,D204,D204
4AVMA,209,E,203,217,,R,D,,,,R,,,,,,,,K212,K212
4AVMA,212,K,203,217,,,,R,E,,,,,,,,,,E209,E209
6AVEA,25,R,9,25,,,,,,,,,,,,,,,,
6AVEA,393,D,391,411,E,,,,,,,,,,,,,,,
6AVEA,411,E,391,411,,,,,,,,,,,,,,,,
5AWZA,88,D,87,97,,,,,R,,,,,,,,,,K217,
5AWZA,118,D,114,126,,,,,,,,,,,,,,,,
5AWZA,213,D,208,221,,,,,,,,,,,,,,,K217,K217
5AWZA,217,K,208,221,,,,D,,,,,,,,,,,D88;D213,D213
6AWFC,29,E,29,42,,R,,,,,R,,,,,,,,R28,R28
6AWFC,41,E,29,42,,,,,,,,,,,,,,,,
6AWFD,65,R,64,82,,,,,,,,,,,,,,,,
6AWFD,82,R,64,82,,,,,,,,,,,,,,,,
3AYFA,512,E,510,518,,,,,,,,,,,E,,,,,
3AYFA,516,E,510,518,,,,E,,,,,,,,,,,,
3AYMA,80,D,77,89,,,,,,,,,,,,,,,,
3AYMA,305,K,303,312,,,,,,,,,,,,,,,,
4AYWA,113,R,101,113,,,,,,,,,,,,,,,D173,
4AYWA,176,R,174,188,E,,,,D,,,,,,,,,,D173,D173
5AYMA,15,R,14,20,,,,R,,,,,,D,,,,,D18;D128,D18
5AYMA,18,D,14,20,R,,,,R,,,,,,,,,,R15,R15
5AYMA,156,D,155,162,,,,,R,R,,,,,E,,,,,
5AYMA,160,E,155,162,R,R,,D,,,,,,,,,,,,
5AZBA,71,R,61,72,,,,,,,,,,,,,,,D95,
5AZBA,127,D,127,138,R,,,,,,,,,,,,,,,
6B2ZN,71,K,70,76,,,,,,,,,,,,,,,,
6B2ZQ,47,R,45,62,,,,K,,,,,,R,,K,,,,
6B2ZQ,50,R,45,62,K,,,,R,,,,K,,,,,,,
6B2ZQ,52,K,45,62,,,R,,,R,,,,,,,,,,
6B2ZQ,54,K,45,62,R,,,R,,K,,,,,,,,,,
6B2ZQ,57,D,45,62,R,,K,,,,,,,,,,,,,
6B2ZQ,59,D,45,62,K,,,,,,,,,,,,,,,
6B3JR,153,R,145,158,,,,,,,,,,,,,,,,
6B3JR,210,E,193,211,,,,,,,,,,,,,,,,
6B3JR,289,R,274,290,,,,,,,,,,,,,,,,
6B3JR,321,E,309,327,,,,,,,,,,,,,,,,
6B3JR,344,E,344,357,R,,,K,,,,,,,,,,,,
3B4RA,175,K,175,181,K,,,,,,,,,,,,,,,
4B4AA,165,E,160,166,,,,,,,,,,,,,,,,
4B4AA,221,E,212,221,,,,,,,,,,,,,,,R188,
5B57A,294,D,284,295,,,,,,,,,,,,,,,,
6BBFA,16,K,15,26,,K,,K,,,,,,,,,,,,
6BBFA,85,E,72,85,,,,,,,,,,,,,,,,
6BBJA,363,R,361,378,R,,,,D,,,,,,E,,,,D360,D360
6BBJA,367,E,361,378,D,,,R,,,,,,,,,,,,
6BBJA,464,R,464,477,,,,K,D,,,,,,,,,,,
6BCJB,894,D,892,898,,R,,,,,,,,,,,,,,
6BD4A,215,K,206,216,,,,,,,,,,,,,,,,
6BD4A,383,K,383,394,,,,,E,,,,,,,,,,E361;E380,E380
4BGNA,63,D,63,70,,D,,,,,,R,,,,,,,R122,
4BGNA,64,R,63,70,D,,,,,,D,,,,,,,,,
6BH8A,19,E,10,19,,,,,,,,,,,,,,,H441,
6BH8A,302,E,290,306,,,,,,,,,,,,,,,,
6BHPA,85,E,81,93,,,,,,,,,,,,,,,,
6BHPA,122,D,111,123,,,,,,,,,,,,,,,,
6BMSA,29,E,15,29,,,,,,,,,,,,,,,K194,
5BN2A,162,E,162,171,R,,R,,,,,,,,,,,,,
6BO8A,362,E,362,372,D,D,,R,,,,,,,,,,,,
4BPMA,24,K,17,25,,,,,,,,,,,,,,,D73,
4BPMA,108,R,101,108,,,,,,,,,,,,,,,D73,
7BP3A,21,K,9,22,,,,,,,,,,,,,,,,
7BP3A,241,D,237,247,,,,,,,,,,,,,,,,
7BP3A,245,R,237,247,,,,D,,,,,,,,,,,,
7BP3A,330,E,329,337,,,,,,,,,,,,,,,,
2BS2C,180,E,172,187,,,,,,,,,,,,,,,,
2BS2C,211,K,211,227,K,,R,,,,K,,K,,,,,,,
2BS2C,213,K,211,227,R,,,,K,K,,,,,,,,,,
6BTMD,104,E,102,108,,,,,,,,,,,,,,,,
6BTMF,196,E,193,200,,,,,,,,,,,,,,,,
6BTMF,342,D,336,342,,,,,,,,,,,,,,,,
6BUGC,109,K,102,109,,,,,,,,,,,,,,,,
6BUGC,205,K,197,208,,,,,,,,,,,,,,,,
6BUGC,245,D,241,259,,,,,,,,,,,,,,,,
6BUGC,249,D,241,259,,,,D,,,,,,,,,,,,
4BWZA,9,E,9,19,,,,E,,,,,,,,,,,H6;H51,H6
4BWZA,35,E,35,41,,,,,,,,,,,,,,,R133,
4BWZA,54,E,53,67,,,,,,E,,,,E,,,,,,
4BWZA,57,E,53,67,,,E,,E,,,,,,,,,,,
4BWZA,61,E,53,67,E,,,E,,,,,,,,,,,,
4BWZA,156,D,154,160,,,,,,,,D,,,,,,,K305,
4BWZA,157,D,154,160,,,,,,,D,,,,,,,,,
4BWZA,305,K,297,308,,,,,,,,,,,,,,,D156,
4BWZA,331,R,327,334,,,,,,,,,E,,,,,,,
4BWZA,333,E,327,334,,,,,,R,,,,,,,,,,
7BW1A,48,E,48,55,R,,,,,,,,,,,,,,,
7BW1A,85,R,76,86,,,,,,,,,,,,,,,,
7BW1A,191,E,190,196,,,,,E,,,,,,,,,,,
7BXUA,154,E,154,160,,,,,,,K,,,,,,,,,
7BXUA,318,E,318,324,R,,,,,,,,,,,,,,,
7BXUA,493,K,485,495,,,,,,,,,,,,,,,,
6C14B,153,D,146,157,,,,,,,,,,,,,,,,
5C2TC,43,R,38,54,,,,,,,,,,,,,,,,
5C2TC,104,R,91,105,,,,,,,,,,,,,,,,
5C2TD,35,E,34,47,,,,,,K,,R,,,,,,,,
5C2TD,36,R,34,47,,,,,K,,E,,,,,,,,,
5C2TD,95,R,91,105,D,,,,,,,,,,,,,,,
6C3IA,80,E,80,93,,,,,,,,,,,,,,D,R308,
6C3IA,87,D,80,93,E,,,,,,,,,,,,,,R309,
6C3IA,90,E,80,93,,,,,D,,,,,,,,,,,
5C6OA,182,D,170,184,,,,,,,,,,,,,,,,
5C6OA,396,R,392,403,,,,,,,,,,,,,,,,
5C6OA,425,D,422,431,,,,,,,,,,,,,,,,
5C6PA,150,R,144,151,,,,,,,,,,,,,,,,
5C6PA,257,E,252,260,,,,,,,,,,,,,,,,
5C6PA,373,D,368,376,,,,,,,,,,,,,,,,
6C6LD,139,E,138,145,,,,,,,,,,,,,,,,
6C6LC,95,E,94,101,,,,,,,,,,,,,,,,
7C7SA,497,R,497,509,,,,,,,,,,,,,,,,
7C7SA,542,D,540,550,,,,,,,,,,,,,,,,
7C7SA,598,K,592,605,,,,,,,,,,,,,,,,
5C8JI,87,K,87,98,,,,,,,,,,,,D,,,,
5C8JI,92,D,87,98,,,K,,,,,,,,,,,,,
4C9JA,42,K,34,44,,,,,,,,,,,,,,,,
4C9JA,100,R,99,107,,,,,,,,,,,,,,,D153,
4C9JA,208,R,199,210,,,,,,,,,,,,,,,,
4C9JA,298,R,297,312,,,,,,,,,,,,,,,,
4C9JA,310,D,297,312,,,,,,,,,,,,,,,,
6C96A,80,E,80,87,,,,,,,,,,,,,,,R135;R141,
6C96A,122,E,115,123,,,,,,,,,,,,,,,H133;R135,
6C96A,243,E,239,248,,,,,,,,,,,,,,,,
4CADC,140,E,133,141,,,,,,,,,,,,,,,H227,
4CADC,141,E,133,141,,,,,,,E,,,,,,,,R145,R145
6CAAA,230,D,230,238,,,R,K,,,,,,,,,,,,
6CAAA,277,D,266,280,,,,,,,,,,,,,,,,
7CALA,15,E,15,29,,,R,,R,,,,,,,,,,R136,
7CALA,47,D,47,57,K,D,,,,,,,,,,,,,,
7CALA,57,D,47,57,,,,,,,,,,,,,,,R129,
7CALA,93,D,91,102,,,,,,,,,,,,,,,,
7CALA,117,R,117,133,,,,E,,,,,,,,,R,,,
7CALA,123,R,117,133,,R,,,,,,,,,,,,,,
7CALA,126,R,117,133,,,,,R,,,,,,,,,,,
7CALA,128,R,117,133,,,R,,,,,,,,,,,,,
7CALA,129,R,117,133,,R,,,,,,,,,,,,,D57,
7CALA,149,R,149,163,R,,,,,,,,,K,,,,,E138,
7CALA,152,K,149,163,,,,,R,,,,,,,,,,,
6CC4A,119,R,115,122,,,,,,,,,,,,,,,,
6CC4A,153,R,149,157,,K,,,,,,R,,,,,,,E158,E158
6CC4A,154,R,149,157,K,,,,,,R,,,,,,,,,
6CC4A,374,E,372,379,,,,D,R,,,,,,,,,,R371,R371
6CDUA,272,E,261,272,,,,,,,,,,,,,,,R224,
4CFGA,90,K,84,97,,,,,,,,K,,,,,,,,
4CFGA,91,K,84,97,,,,,,,K,,,,,,,,,
4CFGA,92,K,84,97,,,,,,K,K,,,,,,,,,
4CFGA,94,E,84,97,,,,K,K,,,,,,,,,,,
6CFWH,143,E,142,148,,,,,,,,,,,,,,,,
6CFWH,225,K,222,231,,,,,,,,,,,,,,,,
6CFWH,256,K,250,258,,,,,,,,,,,,,,,,
6CFWG,37,D,35,41,,,,,,,,,,,,,,,,
6CFWM,28,D,16,30,,,,,,,,,,,,,,,R285,
6CFWM,29,R,16,30,,,,,,,,,,,,,,,D49,
6CFWM,30,K,16,30,,,,,,,,,,,,,,,,
6CFWM,199,E,192,201,,,,,,,,,,,,,,,R140,
6CFWM,201,E,192,201,,,,,,E,,,,,,,,,R140,
6CFWM,234,E,234,241,,,,,K,,,,,K,E,,,,,
6CFWM,237,K,234,241,,K,,,E,,,E,,,,,,,D111,
6CFWM,238,E,234,241,K,,,E,,,K,,,,,,,,K281,
6CFWM,281,K,276,283,,,,,,,,,,,,,,,E238,
6CFWA,30,E,30,37,,,,,,,,,,,,,,,,
4CG6C,67,K,67,76,,E,D,,,,,,,,,,,,,
7CH1A,415,K,410,416,,,,,,,,,,,,,,,,
6CJQA,20,R,10,20,,,,,,,,,,,,,,,D38,
6CJQA,69,D,63,69,,,,,,,,,,,,,,,,
6CJQA,88,R,86,95,,,,,,,,,,K,,,,,,
6CJQA,91,K,86,95,,,,,R,,,,,,,,,,,
6CJQA,181,E,181,194,,,,,,,,,,,,,,,,
3CN5A,191,E,191,200,K,,,,,,,,,,,,,,,
6CNMA,102,E,98,107,,,,,,,,,,,,,,,H71;R156,
6CNMA,132,R,128,138,,,,,,,,,,,,,,,,
6CNMA,138,R,128,138,,R,,,,,,,,,,,,,,
6CQ6A,126,D,106,128,,,,,,,,,,,,,,,,
6CQ6A,241,D,220,246,,,,,,,,,,,,,,,,
6CQ6A,244,R,220,246,,,,,,,,,,,,,,,,
6CSEM,250,R,250,258,,,,,,,K,,,,,,E,,,
6CSEM,256,E,250,258,K,R,,,,,,,,,,,,,D400,
4CZ8A,337,R,328,339,,,,,,,,,,,,,,,E154,
4CZBA,285,R,282,291,D,D,,,,,,,,,,,,,,
4CZBA,320,R,311,325,,,,,,,,,,,,,,,E156,
5D0YA,56,D,54,60,,,,,,,,,,,,,,,,
6D0JA,25,D,10,35,,,,,,,,,,,,,,,,
6D0JA,30,K,10,35,,,,,,,,,,,,,,,,
6D0JA,111,E,111,121,,,,,,,R,,,,,,,,,
2D2CA,103,R,95,105,,,,,,,,,,,,,,,,
3D31C,125,D,124,134,R,,,E,,,,,,,,,,,,
3D31C,230,R,226,233,,,,,,,,,,,,,,,E234,E234
4D6TE,52,K,44,54,,,,,,,,,,,,,,,,
4D6TJ,30,E,22,32,,,,,,,,,,,,,,,,
4D6TJ,31,R,22,32,,,,,,,,,,,,,,,,
6D79A,146,R,142,151,K,,,,,,,,,,,,,,,
5DA0A,25,E,14,29,,,,,,,,,,,,,,,,
6DD9A,111,E,106,121,,,,,,,,,K,,,,,,,
6DD9A,113,K,106,121,,,,,,E,,,,,,,,,,
6DD9A,114,K,106,121,,,,,E,,K,,,,,,,,E115,E115
6DD9A,115,E,106,121,,,,E,,K,,,,,,,,,K114,K114
6DD9A,121,K,106,121,,,,,,,,,,,,,,,,
5DGYA,243,D,234,251,,,,,,,,,,,,,,,,
5DGYA,282,E,278,293,,,,,,,,,,,,,,,H371,
5DGYA,456,K,455,469,,,,,,,,,,,,,,,,
3DHWA,64,R,61,70,,,,,,,,,,,,,,,,
4DJIA,157,K,156,167,K,,,,R,,,,,,,,,,,
4DJIA,218,E,210,219,,,,,,,,,,,,,,,,
4DJIA,304,E,299,315,,,,,,,,,,,,,,,,
4DJIA,314,R,299,315,,,,,,,,,,,,,,,,
4DJIA,412,K,411,428,,,,,K,,,,,,,,,,E63,
5DJQA,127,D,124,138,,E,,E,,,,,,,,,,,,
5DJQA,319,E,311,324,,,,,,,,,,,,,,,H341,
3DL8C,48,D,38,50,,,,,,,,,,,,,,,,
5DO7A,514,E,508,519,,,,,,,,,,,,,,,R389,
5DO7B,425,E,421,428,,,,,,,,,,,,,,,,
5DO7B,505,E,504,510,K,,,,E,,,,,,,,,,H422;K472;R545,
5DO7B,545,R,540,547,,,,,,,,,,,,,,,D468;E505,
5DOQB,25,D,19,29,,,,,,,,,,,,,,,R99,
6DRKA,918,D,916,925,,K,,,,,,,,,,,,,,
6DRKA,925,R,916,925,D,,,,,,,,,,,,,,D886,
3DTUA,27,K,21,48,,,,,,,,D,,,,,,,,
3DTUA,28,D,21,48,,,,,,,K,,,,,,,,R19,
3DTUA,286,E,283,297,,,,,,,,,,,,,,,,
3DTUA,362,K,353,366,,,,,,,,,,,,,,,,
3DTUA,454,K,454,468,,,,E,,,,,,,,,,,,
5DUOA,43,R,43,60,K,,,,,,,,,,,,,,,
4DVEA,144,D,138,145,,,,,,,,,,,,,,,,
4DVEA,173,D,172,178,,,,,,,,,,K,,,,,K176,K176
4DVEA,176,K,172,178,,,,,D,,,,,,,,,,D173,D173
5DWYA,42,K,39,56,,,,K,,,,,,,D,,,,D46,D46
5DWYA,46,D,39,56,,,,K,,,,,,,,,,,K42,K42
5DWYA,50,R,39,56,,,,D,,,,,,,,,,,,
5DWYA,53,K,39,56,D,,,,,,,,,,,,,,,
5DWYA,311,D,304,314,,,,,,,,,,,,,,,,
5DWYA,397,R,396,404,D,,,,D,,,,,,,,,,D394,D394
4DXWA,42,E,42,51,E,,D,,,,,,,,,,D,,,
4DXWA,48,D,42,51,,E,,,,,,,,,,,,,R111,
6DZ7B,163,R,163,172,,,,,,,,,,,,,,,,
6DZ7B,239,R,239,257,,,,K,R,,,,,,,,,,,
6DZ7B,302,K,285,302,,,,,,,,,,,,,,,,
6DZ7B,506,E,503,516,,,,,,,,,,,,,,,,
6DZ7B,513,R,503,516,E,,,,,,,,,,,,,,,
5E1JA,166,D,160,167,,,,,,,,,,,,,,,,
5E1JA,478,E,469,478,,,,,,,,,,,,,,,R537;K482,K482
5E1JA,511,E,501,511,,,,,,,,,,,,,,,R531,
5E1JA,537,R,533,540,,R,,,,,,,,R,,,,,E478,
5E1JA,540,R,533,540,,,,,R,,,,,,,,,,,
6E8JA,23,D,13,26,,,,,,,,,,,,,,,,
6E8JA,24,R,13,26,,,,,,,,,,,,,,,E111,
6E8JA,104,R,104,114,,,,,,,,,,,,,,E,,
6E8JA,111,E,104,114,R,,,,,,,,,,,,,,R24,
6E9NA,20,D,10,21,,,,,,,,,,,,,,,,
6E9NA,21,R,10,21,,,,,,,,,,,,,,,,
6E9NA,100,R,100,109,,,,,,,,,,,,,,E,,
6E9NA,107,E,100,109,R,,,,,,,,,,,,,,,
6EBUA,65,E,61,68,,,,,,,,,,,,,,,,
5EDLA,68,E,67,77,,,,,,,,,,,,,,,,
5EDLA,75,E,67,77,E,,,,,,,,,,,,,,,
5EDLA,98,E,89,98,,,,,,,,,,,,,,,,
5EDLA,150,R,146,164,,,,,,,,,,,,,,,E41;D129,
5EDLA,163,K,146,164,,,,,,,,,,,,,,,D167,D167
6EDQA,63,E,60,67,,,,,,,,,,,,,,,,
6EDQA,158,E,149,158,,,,,,,,,,,,,,,,
6EDQA,229,D,224,233,,,,,,,,,,,,,,,,
6EDQA,233,K,224,233,,,,D,,,,,,,,,,,,
3EGWC,10,D,10,23,,,,,,,,,,,,,,,,
5EG1A,72,K,67,80,,,,,,,,,,,,,,,,
5EG1A,178,R,165,178,,,,,,,,,,,,,,,,
5EG1A,293,E,286,298,,,,,,,,,,,,,,,,
3EH3A,259,E,244,261,,,,,,,,,,,,,,,,
3EH3A,393,R,393,420,R,,,,,,,,,,,D,,,,
3EH3A,398,D,393,420,,,R,,,,,,,,,,,,,
5EIKA,114,K,109,121,,,,,,,,,,,,,,,,
5EIKA,121,K,109,121,K,,,,,,,,,,,,,,,
5EIKA,154,K,154,165,,,,,,,,,,,,,,,,
5EIKA,162,K,154,165,,,,,,,,,,,,,,,D37,
5EIKA,165,E,154,165,,,,,,,,,,,,,,,R169,R169
5EIYA,80,R,73,81,,,,,,,,,,,,,,,,
5EIYA,109,E,105,113,,,,,,,,,,,,,,,R85,
5EK0A,131,R,129,137,,R,,,R,,,,,R,,,,,E50,
5EK0A,134,R,129,137,,R,,,R,,,,,,,,,,,
5EK0A,137,R,129,137,,R,,,R,,,,,,,,,,E76;D97,
6EL1O,190,K,188,197,,,,,D,,,D,,,,,,,D187,D187
6EL1O,191,D,188,197,,,,D,,,K,,,,,,,,,
6EL1O,197,E,188,197,K,D,,,,,,,,,,,,,,
6EL1O,213,K,212,225,K,,E,,E,,,,,,E,,,,,
6EL1O,217,E,212,225,E,,,K,,,,,,,,,,,,
6EL1O,220,K,212,225,K,,,,E,,,,,,,,,,,
6EL1O,221,K,212,225,,,,E,,,,,,,,,,,,
5EULE,48,D,39,50,,,,,,,,,,,,,,,,
6EU6A,50,D,50,61,,,,R,,,,,,,,,,,,
6EUQA,20,D,13,20,,,,,,,,,,,,,,,,
2EVUA,11,E,10,20,,,K,R,,,,,,,,,,,,
6EYUA,213,K,209,215,,,,,,,,,,,,,,,,
5EZMA,271,K,260,271,,,,,,,,,,,,,,,,
6F0KD,100,E,100,110,,,,,,,,,,,,,,,,
6F0KF,324,D,315,324,,,,,,,,,,,,,,,H290,
6F2GA,22,K,10,22,,,,,,,,,,,,,,,,
6F2GA,151,K,144,159,,,,,,,,,,,,,,,,
6F2GA,199,D,189,199,,,,,,,,,,,,,,,,
6F2GA,345,D,345,355,,,,,,,,,,,,,,,,
6F36M,137,R,137,165,E,,,,,,,,,,,,,R,E214,
6F36M,144,R,137,165,R,,,,,,,,,,,,,,,
6F36N,19,R,12,22,,,,,,,,,,,,,,,,
6F36N,21,D,12,22,,,,,,R,,,,,,,,,K25,K25
4F4CA,748,R,745,767,,E,,,,,,,,,,,,,,
4F4CA,873,R,873,884,,R,,,,D,,,,,,,,,E36;D871,D871
4F4CA,916,R,908,918,,,,,,,,,,,,,,,,
4F4CA,918,R,908,918,,,,,,,,,,,,,,,D212,
2F93A,200,D,197,208,,,,,,,,,,,K,,,,,
2F93A,204,K,197,208,,,,D,,,,,,,,,,,D74,
4FC4A,156,K,147,169,,,,,,,,,,,,,,,,
1FFTA,71,R,66,73,,,,,,,,,,,,,,,D75,D75
1FFTA,286,E,284,290,,,,,,,,,,,,,,,,
6FFCA,391,K,391,410,,,,,,,,,,,D,,,,,
6FFCA,395,D,391,410,,,,K,,,,,,,,,,,,
6FFCA,400,R,391,410,,,D,,,,,,,,,,,,,
6FFVA,25,R,19,25,,,,,,,,,,,,,,,D67,
6FFVA,37,D,37,43,,,,,,,,,,,,,,,,
6FFVA,67,D,59,71,,,,,,,,,,,,,,,R25,
3FH6G,123,K,121,129,,,K,,,,,,,,,,,,,
6FJ3A,197,E,191,198,,,,,,,,,,,,,,,,
6FMXA,88,D,81,91,,,,,,,,,,,,,,,,
6FMXA,89,R,81,91,,,,,,,D,,,,,,,,,
6FOS2,15,K,14,25,,,R,E,,E,,,,R,,,,,,
6FOS2,18,R,14,25,E,,E,,K,,,,,,,,,,,
6FOS2,71,E,65,72,,,,,,,,,,,,,,,,
6FOS2,120,R,120,128,,,E,,R,,,,,,,,,,,
6FOS4,13,R,12,23,E,,E,,K,,,,,,,,,,,
6FOS4,64,E,59,66,,,,,,,,,,,,,,,,
6FV6A,21,E,11,24,,,,,,,,,,,,,,,H162,
6FV6A,98,K,85,100,,,,,,,,,,,,,,,,
6FV6A,99,D,85,100,,,,,,,,,,,,,,,,
6FV6A,181,E,176,187,,,,,,,,,,,,,,,,
6FV6A,214,E,210,224,,,,,,,,R,,,,,,,,
6FV6A,215,R,210,224,,,,,,,E,,,,,,,,,
6FV6A,245,R,242,257,,,,,,,,,E,,,,,,,
6FV6A,247,E,242,257,,,,,,R,,,,,,,,,,
6FV6A,363,R,353,369,,,,,,,,,,,,,,,,
6FV6A,386,E,381,392,,,,,,,,,,,,,,,,
6FV6A,390,R,381,392,,,,E,,,,,,,,,,,,
6G2JY,54,R,54,64,,,,E,,,,,,R,,,,,,
6G2JY,57,R,54,64,E,,,,R,,,,,,,,,,,
3G6BA,91,R,90,101,,,,,R,,,E,,,,,,,,
3G6BA,92,E,90,101,,,,R,,,R,,,,,,,,,
3G6BA,120,E,117,126,,,,,,,,,,,,,,,,
4G7VS,51,D,48,55,,,,,,,,,,,,,,,,
4G7VS,139,E,137,151,,,,D,,,,,,,,,,,,
4G7VS,145,R,137,151,,E,,,,,,,,,,,,,,
4G7VS,148,R,137,151,,,,,,,,,,,,,,,,
4G7VS,151,R,137,151,,,,,,,,,,,,,,,D108,
6G72L,223,K,223,232,,,,,,,,,,,,,,,,
6G72L,455,K,454,460,,D,,,,,,R,,,,,,,,
6G72L,456,R,454,460,D,,,,,,K,,,,,,,,,
6G94S,278,D,275,287,,,,,,,,,,,,,,,,
6G94A,47,R,46,65,,,,,,,,,,,,,,,,
6G94A,64,R,46,65,,,,,,,,,,,,,,,,
6G9XA,256,R,248,258,,,,,,,,,,,,,,,,
5GARN,563,R,556,574,,,,,,,,,,,,,,,,
6GCS2,131,E,129,135,,,,,,,,,,,,,,,,
6GCS2,211,K,208,217,,,,,,,,,,,,,,,,
6GCS4,221,K,220,227,,,,,,,,,,,,,,,,
6GCS5,226,K,222,231,,,,,,,,,,,,,,,,
6GCS5,396,K,384,398,,,,,,,,,,,,,,,,
6GCS5,397,D,384,398,,,,,,,,,,,,,,,,
6GCTA,56,R,54,70,,,,E,,,,,,R,,,,,,
6GCTA,59,R,54,70,E,,,,R,,,,,,,,,,E402,
6GCTA,331,D,331,339,,,,,,,,,,,,,,,,
6GCTA,387,E,381,387,,,,,,,,,,,,,,,,
6GCTA,403,D,399,416,,,,,,,,,,,,,,,,
6GCTA,407,D,399,416,,,,D,,,,,,,,,,,,
6GCTA,408,R,399,416,,,D,,,,,,,,,,,,,
6GCTA,416,E,399,416,,,,,,,,,,,,,,,,
6GDGA,46,D,43,52,,,,,,,,,,,,,,,,
3GI8C,106,K,94,108,,,,,,,,,,,,,,,E129,
3GI8C,129,E,129,135,,,,,,,,,,,,,,,K106,
5GJVA,69,E,64,70,,,,,,,,,,,,,,,R143,
5GJVA,95,D,91,97,R,,,,,,,,,,,,,,,
5GJVA,418,E,413,419,,,,,,,,,,,,,,,,
5GJVA,636,E,631,637,,,,,,,,,,,,,,,,
5GJVA,662,D,658,664,R,,,,,,,,,,,,,,,
5GJVA,948,E,943,949,,,,,,,,,,,,,,,,
6GJEB,52,D,52,66,,,,K,,K,E,,,E,,K,,,,
6GJEB,55,E,52,66,K,,K,E,D,,,,K,,,,,,,
6GJEB,57,K,52,66,K,E,D,,,E,,,,,,,,,,
5GKOA,576,E,576,594,,,,,,,,,,,,,,,,
5GLIA,63,D,61,74,,,,,,,,,,,,,,,,
5GLIA,98,K,94,106,K,,,,,,,,,,,,,,E152,
5GLIA,189,K,187,202,,,,,,,,D,,,,,,,D190,D190
5GLIA,190,D,187,202,,,,,,,K,,,,,,,,K189;R259,K189
5GLIA,369,R,358,370,,,,,,,,,,,,,,,D300,
5GPJA,267,E,261,267,D,,,,,,,,,,,,,,,
5GPJA,708,K,705,712,,,,,,,,,,,,,,,,
6GPSA,87,D,84,93,,,,,,,,,,,,,,,,
6GPSA,205,R,201,214,,,,,,,,,,,,,,,,
6GPSA,341,E,341,353,D,,,,,,,,,,,,,,,
6GS1A,14,E,14,21,,,,,,,,,,E,R,,,,,
6GS1A,17,E,14,21,,,,,E,,,R,,,,,,,R18,R18
6GS1A,18,R,14,21,,,,E,,,E,,,,,,,,E17,E17
6GS1A,268,E,265,275,,,,,,,,,,,,,,,,
6GS1A,380,E,373,386,,,,,,,,,,,,,,,,
5GUFA,95,D,86,100,,,,,,,,,,,,,,,K52,
5GUFA,120,D,118,127,,,,,D,,,,,,,,,,,
5GUWB,135,K,132,143,,E,,,,,,,,,,,,,,
5GUWB,202,E,198,208,,,,,,,,,,,,,,,H198;H249;H250,H198
5GUWB,206,E,198,208,,,,E,,,,,,,,,,,,
5GUWB,271,E,269,278,,,,,,,,,,,,,,,H198,
4GX0A,94,D,85,97,,,,,,,,,,,,,,,,
5GXBA,216,D,208,217,,,,,,,,,,,,,,,,
5GXBA,248,E,247,253,,,,,,,,,,,,,,,,
5GXBA,281,R,276,283,,,,,,,,,,,,,,,,
5GXBA,298,K,298,307,,,E,,,,,,,,,,E,,,
5GXBA,304,E,298,307,,K,,,,,,,,,,,,,,
5GXBA,337,K,332,343,,,,,,,,,,,,,,,,
6GXCA,330,R,330,344,D,,E,,,,,,,,,,,,,
5GYRA,17,E,16,26,E,,R,,,,,,,,,,,,,
5GYRA,25,K,16,26,,,,,,,,,,,,,,,,
6GY6B,188,K,187,202,,,,,D,,,D,,,,,,,D185,D185
6GY6B,189,D,187,202,,,,D,,,K,,,,,,,,,
6GY6B,195,K,187,202,K,D,,,,,,,,,,,,,,
6GY6B,196,D,187,202,D,,,,,,,,,,,,,,,
6GY6B,198,D,187,202,,,,,,,,,,,,,,,,
6GY6B,201,D,187,202,,,,,,,,,,,,,,,,
6GY6B,215,K,215,227,E,,,K,,,,,,,E,,,R,,
6GY6B,219,E,215,227,,,,K,,,,,,R,,,,,R222,R222
6GY6B,222,R,215,227,K,,,,E,,,,,,,,,,E219,E219
6GY6B,223,K,215,227,,,,E,,,R,,,,,,,,,
6GY6B,227,K,215,227,,,R,,,,,,,,,,,,E230,E230
5H1QA,27,R,27,35,,,D,R,,,,,,,,,,,,
5H1QA,115,R,107,115,,,,,,,,,,,,,,,,
5H3OA,98,D,94,105,R,,,,,,,,,,,,,,,
5H3OA,102,D,94,105,,,,D,,,,,,,,,,,,
5H3OA,151,D,147,154,,,,,,,,,,,,,,,,
5H3OA,170,R,169,176,,R,,,,,,,,R,,,R,,,
5H3OA,173,R,169,176,,,,,R,,,,,R,,,,,,
5H3OA,176,R,169,176,,R,,,R,,,,,,,,,,,
5H3OA,285,D,283,300,E,,,,,,,,,,,,,,,
6H5AA,151,E,151,157,,,,,E,R,,R,,,,,,,,
6H5AA,152,R,151,157,,,,E,R,,E,,,,,,,,,
6H7DA,22,D,15,22,,,,,,,,,,,,,,,,
6H7DA,122,R,122,133,,,,,,,,,,,,,,,,
6H7DA,334,E,332,341,,R,R,,,,,,,,,,,,,
1HBWA,16,E,15,31,E,,R,,E,R,,,,,,,,,,
1HBWA,25,R,15,31,,,,,,,,,,,,,,,,
1HBWA,26,E,15,31,,,,,,,,,,,,,,,,
1HBWA,27,D,15,31,,,,,,,,,,,,,,,,
1HBWA,29,D,15,31,,,,,,,,,,,,,,,K33,K33
6HCYC,227,R,224,237,,,,,,,,,,,,,,,,
3HD7B,86,K,86,97,,,K,,R,R,K,,,,,,,,,
6HD8B,102,K,90,108,,,,,,,,,,,,,,,,
6HD8B,106,R,90,108,,,,,,,,,,,,,,,D51,
4HE8G,204,K,201,209,,,,,,,,,,,,,,,,
4HE8G,377,E,366,377,,,,,,,,,,,,,,,,
4HE8I,186,K,183,192,,,,,,,,,,,,,,,,
6HRAA,370,E,366,378,,,,,,,,,,,,,,,,
6HRAB,667,K,657,668,,,,,,,,,,,,,,,,
4HUQT,81,K,81,96,,,,,,,,,,R,,,,,,
4HUQT,84,R,81,96,,,,,K,,,,,,,,,,,
4HUQT,130,R,120,136,,,,,,,,,,,,,,,,
6HUMA,299,K,296,302,,,,,,,,,,,,,,,,
6HUMC,73,D,72,78,,,,,,,,,E,,,,,,,
6HUMC,75,E,72,78,,,,,,D,,,,,,,,,,
6HUMD,215,K,215,224,,,,,,,,,,,,,,,,
6HUMB,210,K,210,219,,,,,,,,,,,,,,,,
6HUMF,238,K,235,242,,,,,,,,,,,,,,,,
6HUMF,406,K,399,412,,,,,,,,,,,,,,,,
6HUMF,407,D,399,412,,,,,,,K,,,,,,,,,
6HUMF,408,E,399,412,,,,,,K,,,,,,,,,,
4HW9A,64,R,54,68,,,,,,,,,,,,,,,,
4HW9A,66,K,54,68,,,,,,,,,,,,,,,,
4HWAA,66,R,60,74,,,,,,,,,,,,,,,,
4HWAA,74,R,60,74,,,,,,,,,,,,,,,,
4HWAA,94,R,92,102,D,,,,,,,,,,,,,,,
4HYJA,85,D,83,95,,,E,,R,,,,,,,,,,H57;K225,
4HYJA,114,K,114,126,,,R,,,,,,,,,D,,,,
4HYJA,119,D,114,126,,,K,,,,,,,,,,,,,
4HYJA,184,R,184,196,R,D,,,,K,,,,,,,,,,
4HYJA,221,D,217,229,E,,,,,,,,,,,,,,,
4HYJA,225,K,217,229,,,,D,,,,,,,,,,,D85,
6I1RA,38,E,36,43,,,,,,,,,,K,,,,,,
6I1RA,41,K,36,43,,,,,E,,,,,,,,,,,
5I32A,146,E,146,156,,,E,,,,,,,,,,,,,
5I6CA,439,K,433,443,,,,,,,,,,,,,,,,
5I6CA,456,K,455,463,,,,,,,,,,,,,,,D241,
5I6CA,525,E,522,533,,,,E,,,,,,,,,,,,
6I6HA,9,D,8,20,,,,R,,,,,,,,,,,,
6I6HA,64,K,64,76,,,,,,,,,,,,,,,D50,
6I6HA,127,E,124,133,,,,,,,,,,,,,,,R47;R159,
6I6HA,159,R,152,162,,,,,,,,,,,,,,,E127,
6I6HA,193,D,184,199,,,,,,,,,,,,,,,,
5I9KA,17,K,12,26,,,,,,,,,,,,,,,D70,
5I9KA,47,D,44,57,,R,R,,,,,,E,,,,,,,
5I9KA,49,E,44,57,R,,,,,D,,,,,,,,,,
5I9KA,76,R,76,86,,,,,,,,,,,,,R,,,
5I9KA,82,R,76,86,,R,,,,,,,,,,,,,,
5I9KA,115,R,102,117,,,,,,,,,,,,,,,,
6I9KA,77,D,71,85,,,,,,,,,,,,,,,,
6I9KA,150,R,150,161,,K,,,,,,,,,,,,,,
6I9KA,296,K,292,303,,,,,,,,,,,,,,,,
2IBZG,71,K,61,71,,,,,,,,,,,,,,,E75,E75
6IBBA,24,E,21,36,,,,,,,,,,,,,,,,
6IBBA,60,D,55,66,,,,,,,,,,,,,,,,
6IBBA,90,R,90,104,D,,,,,,,,,,,,,,,
6IBBA,144,E,135,146,,,,,,,,,,,,,,,,
6IBBA,226,R,212,226,,,,,,,,,,,,,,,,
6IDPA,386,R,381,393,,,,,,,,,,,,,,,,
6IGZ0,48,R,48,54,E,,E,,,,,,,,,,,,E131,
6IIUA,165,D,159,176,,,,,,,,,,,,,,,,
6IIUA,432,R,432,443,K,E,,,,,,,,,,,,,,
6IIUA,441,D,432,443,,,,,,,,,,,,,,,,
6IJJL,12,R,7,23,,,,,,,,,,,,,,,E23,
6IJJL,20,R,7,23,,,,,,,,,,,,,,,,
6IJJL,23,E,7,23,,,,,,,,,,,,,,,R12,
6IJJ3,53,R,53,59,,,E,,,,,,,,,,,,E174,
4IKVA,32,E,31,42,,,,,,,,,,E,R,,,,,
4IKVA,35,E,31,42,,,,,E,,,R,,,,,,,R36,R36
4IKVA,36,R,31,42,,,,E,,,E,,,,,,,,E35,E35
4IKVA,310,E,299,312,,,,,,,,,,,,,,,,
4IKVA,370,K,370,381,R,,,,,,,,,,,,,,,
4IKVA,413,E,406,416,,,,,,,,,,,,,,,,
4IL3A,30,E,21,30,,,,,,,,,,,,,,,,
4IL3A,84,K,79,86,D,,,,,,,,,,,,,,D369,
4IL3A,369,D,365,380,,,,,,,,,,,,,,,K84,
4IL3A,375,E,365,380,,D,,,,,,,,,,,,,H317,
6IRSB,86,E,86,98,,,,K,,,,,,,,R,,,K82,K82
6IRSB,91,R,86,98,,,E,,,,,,,,,,,,,
6IRSB,148,D,148,159,K,,,,R,,,,,,,,K,,,
6IRSB,154,K,148,159,,D,,,,,,,,,,,,,,
6IU3A,12,D,10,22,D,,,,,,,,,,,,,,,
6IU3A,41,E,39,50,,,,,,,,,,,,,,,,
6IXGA,10,E,10,21,,R,,,,E,,K,,,,,,D,,
6IXGA,11,K,10,21,R,,,,E,,E,,,,,,D,,,
6IXGA,17,D,10,21,E,K,,,,,,,,,,,,,,
6IXGA,18,D,10,21,K,,,,,,D,,,,,,,,R21;R22,R21;R22
6IXGA,21,R,10,21,,,,D,,,,,,,,,,,D18;E25,D18;E25
6IXGA,200,K,197,210,,,K,,,,,,E,,K,,,,,
6IXGA,202,E,197,210,K,,,,,K,,,K,,,,,,,
6IXGA,204,K,197,210,,,,K,,E,,,,,,,,,,
6IXGA,208,K,197,210,,E,,K,,,,,,,,,,,,
6IYUA,20,D,19,27,,,,,,,,,,,,,,,,
6IYUA,64,D,50,64,,,,,,,,,,,,,,,,
6IYUA,109,K,104,126,,,,,,,,,,,,,,,,
6IYUA,116,K,104,126,K,,,,,,,,,,,,,,,
6IYUA,117,E,104,126,,,,,,,,,,,,,,,R120,R120
6IYUA,120,R,104,126,,,,,,,,,,,,,,,E117,E117
6IYUA,122,R,104,126,,,,,,,,,,,,,,,,
6IYUA,123,K,104,126,,,,,,,,,,,,,,,,
6IYUA,149,K,144,159,,,,,,,,,,,,,,,,
6IYUA,182,K,178,189,,,,,,,,,,,,,,,,
6IYUA,218,K,209,218,,,,,,,,,,,,,,,,
4J05A,47,D,47,56,,,,,,,,,,D,,,,,,
4J05A,50,D,47,56,,,,,D,,,,,,,,,,,
4J05A,80,K,80,92,,,R,,D,,,,,,,,,,,
4J05A,141,R,139,148,,,,,,,,,,,,,,,,
4J05A,326,D,322,337,,,,,,,,,,,,,,,,
4J05A,461,K,460,470,,,,,,,,,,,,,,,,
2J58A,346,D,340,349,,,,,,,,,,,,,,,H345,H345
2J58A,349,E,340,349,,,,,D,,,,,,,,,,H345,H345
6J8EA,362,E,357,363,,,,,,,,,,,,,,,,
6J8EA,601,K,601,607,,,,E,,,D,,,,,,,,,
6J8EA,637,D,636,643,,,D,,,,,,,,,,,,,
3J9PD,374,K,371,393,,,,E,,,,,,,R,,,,,
3J9PD,378,R,371,393,,,,K,,,,,,,,,,,,
3JAVA,2329,K,2328,2341,,,,,,,,,,,,R,,,,
3JAVA,2334,R,2328,2341,,,K,,,,,,,,,,,,,
3JAVA,2419,D,2413,2423,,,,,,,,,,,,,,,,
3JAVA,2423,R,2413,2423,,,,D,,,,,,,,,,,,
3JAVA,2570,D,2570,2592,,,,R,,,,,,,,,,,,
3JAVA,2591,D,2570,2592,,,,,,,,,,,,,,,,
6JBHC,186,R,181,190,,,,,,,,,,,,,,,,
6JBJA,41,E,33,47,,,,,,,,,,,,,,,,
6JBJA,85,K,77,90,,,,,,,,,,,,,,,D88,D88
6JBJA,88,D,77,90,,,,,,,,,,,,,,,K85,K85
6JBJA,151,K,150,162,,,,,,,,,,,,,,,,
6JBJA,266,D,258,271,,,,,,,,,,,,,,,,
6JBJA,317,D,308,319,,,,,,,,,,,,,,,,
6JD2A,205,K,199,209,,,,,,,,,,,,,,,D209,D209
6JD2A,209,D,199,209,,,,K,,,,,,,,,,,K205,K205
6JD2A,231,E,228,237,,E,,,,,,,,E,,,,,,
6JD2A,234,E,228,237,,,,,E,,,,,,,,,,R237,R237
6JD2A,237,R,228,237,,E,,,E,,,,,,,,,,E234;E241,E234;E241
6JD2A,303,R,303,317,,,,,,,,,,E,,,,,,
6JD2A,306,E,303,317,,,,,R,,,,,,,,,,,
6JD2A,312,E,303,317,,E,,,,,,,,,,,,,,
6JD2A,315,K,303,317,,,,,,,,,,,,,,,,
6JD2A,317,E,303,317,,,,,,,,,,,,,,,,
7JJPA,32,R,29,43,,,,,,,,,,,,,,,E168,
7JJPA,41,E,29,43,,,,,,,,,,,,,,,,
7JJPA,75,R,75,84,,,,,,,,,,,,,,,E47,
7JJPA,129,E,127,135,,,,K,,,,,,,,,,,,
5JSIA,71,D,71,81,D,,,,R,,,,,,,,,,H50,
5JSIA,140,R,128,140,,,,,,,,,,,,,,,,
5JSIA,161,K,161,172,,,,,E,,,,,,,,,,E158,E158
5JSIA,195,D,193,205,E,,,,,,,,,,K,,,,R68,
5JSIA,199,K,193,205,,,,D,,,,,,,,,,,,
3K07A,352,E,352,359,,,,,K,,,E,,,,,,,K349,K349
3K07A,353,E,352,359,,,,K,,,E,,,,,,,,,
4K1CA,111,E,103,112,,,,,,,,,,,,,,,,
4K1CA,307,E,301,308,,,,,,,,,,,,,,,,
3K3FA,186,K,186,203,,,,E,,,,,,,E,,,,E182;D195,E182
3K3FA,190,E,186,203,,,,K,,,,,,,,,,,,
3K3FA,195,D,186,203,,,E,,,,,,,,,,,,K186,
2K73A,26,E,18,29,,,,,,,,,,,,,,,R48,
2K73A,47,E,46,57,,,,,,,,R,,,,,,,,
2K73A,48,R,46,57,,,,,,,E,,,,,,,,E26,
2K73A,83,R,78,90,,,,,,,,,,,,,,,,
2K73A,90,E,78,90,R,,,,,,,,,,,,,,,
5K7LA,245,D,245,255,,,,,,,,,,,D,,,,R321,
5K7LA,249,D,245,255,,,,D,,,,,,,,,,,R321;R324,
5K7LA,255,D,245,255,,D,,,,,,,,,,,,,R327,
5K7LA,290,D,288,299,,K,,,,,,,,,,,,,R327,
5K7LA,298,D,288,299,,,,,,,,,,,,,,,,
5K7LA,318,K,316,328,,,,,,,,,,R,,,,,,
5K7LA,321,R,316,328,,,,,K,,,,,,,,,,D245;D249,
5K7LA,324,R,316,328,,K,,,R,,,,,,,,,,D249,
5K7LA,327,R,316,328,,R,,,,,,,,,,,,,D255;D290,
2K9PA,28,R,23,36,,,,,,,,,,,,,,,,
2K9PA,70,K,53,70,,,,,,,,,,,,,,,,
5KBNB,19,R,11,22,,,,,,,,,,,,,,,,
5KC0A,61,K,56,64,,,,,,,,D,,,,,,,E39;D62,D62
5KC0A,62,D,56,64,,,,,,,K,,,,,,,,K61,K61
5KC0A,151,K,147,155,,,,,,,,,,,,,,,D36;E39,
5KC0A,155,D,147,155,,,,K,,,,,,,,,,,,
6KG7A,2043,E,2039,2045,,,,,,,,,,,,,,,,
5KHNB,749,E,743,749,,,,,,,,,,,,,,,,
6KI1A,243,D,241,250,,,,R,,,,,,,,,,,,
6KI1A,318,R,318,325,,,,,,,,,,,,,,,,
6KI1A,347,K,342,348,,,,,,,,,,,,,,,,
6KKIA,20,E,13,21,,,,,,,,,,,,,,,H106,
6KKIA,99,R,99,108,,,,,,,,,,,,,,,,
4KNFA,229,D,228,236,,,,,,,,,,,K,,,,R95;K233,K233
4KNFA,233,K,228,236,,,,D,,,,,,,,,,,D229,D229
3KP9A,115,E,109,119,,,,,,,,,,,,,,,,
4KPPA,78,E,70,79,,,,,,,,,,,,,,,,
4KPPA,109,R,106,117,,,,,,,,,,,,,,,E316,
4KPPA,255,E,250,259,,,,,,,,,,,,,,,,
4KPPA,258,E,250,259,,,,,E,,,,,,,,,,,
4KPPA,282,K,280,291,,,,,,,,,,,,,,,,
2KS9A,78,E,75,88,,,,,,,,,,,,,,,,
2KSFA,65,D,60,66,,,,,,,,,,,,,,,,
5KSDA,63,E,61,67,,,,,,,,,,,,,,,,
5KSDA,247,E,235,247,,,,,,,,,,,,,,,,
5KSDA,644,R,639,650,,,,,,,,,,,,,,,,
5KSDA,673,D,666,674,,,,,,,,,,,,,,,,
5KSDA,824,D,812,825,,,,,,,,,,,,,,,K827,K827
6KSWC,214,R,199,219,,,,,,,,,,,,,,,,
6KSWC,215,K,199,219,,,,,,,,,,,,,,,D46,
6KSWC,333,E,333,348,E,D,,,,,,,,,,,,,,
5L22B,71,R,60,73,,,,,,,,,,,,,,,D130,
5L22B,73,K,60,73,,,,,,,,,,,,,,,,
5L22B,130,D,124,137,,,,,,,,,,,,,,,R71,
5L22B,237,R,230,242,,,,,,,,,,,,,,,,
5L22B,240,R,230,242,,,,,R,,,,,,,,,,,
5L22B,274,R,273,285,,,,,,,,,,,,,D,,,
5L22B,280,D,273,285,,R,,,,,,,,,,,,,,
5L24A,126,K,108,127,,,,,,,,,,,,,,,,
2L35A,16,D,14,26,,,,,,,,,,,,,,,K52,
2L35A,52,K,43,56,,,,,,,,,,,,,,,D16,
6L3TA,31,R,28,39,,,,,,,,,,,,,,,E147,
6L3TA,128,E,125,137,,,,R,,,,,,,,,,,,
6L3TA,173,K,173,186,,E,K,,,,,,,,,,,,,
5L75G,29,K,13,30,,,,,,,,,,,,,,,,
5L75G,57,K,48,69,,,,,,,,,,,,,,,,
5L75G,58,D,48,69,,,,,,,,,,,,,,,,
5L75G,117,E,104,119,,,,,,,,,,,,,,,,
5L75G,303,D,292,305,,,,,,,,,,,,,,,,
6L85A,49,E,48,56,,,,,,,,,,,,,,,H254,
6L85A,258,D,251,258,,,,,,,,,,,,,,,H254,H254
2LCKA,16,D,7,18,,,,,,,,,,,,,,,R76,
2LCKA,76,R,76,94,,,,,,,,,,,,,,,D16,
2LCKA,84,R,76,94,,,,,,,,,,,,,,,,
2LCKA,89,D,76,94,,,,,,,,,,,,,,,,
2LCKA,92,K,76,94,,,,,,,,,,,,,,,,
2LCKA,173,R,172,184,,,,,,,,,,,,,,,,
2LCKA,181,E,172,184,,,,,,,,,,,,,,,,
2LCKA,224,D,212,225,,,,,,,,,,,,,,,,
2LCKA,267,R,264,282,,,,,,,,,,,,,,,,
2LCKA,280,E,264,282,,,,,,,,,,,,,,,,
6LCPB,351,D,340,351,,,,,,,,,,,,,,,,
6LCRA,809,K,807,817,,,,,,,,,,,,,,,,
6LCRA,891,D,888,901,K,,,,,,,,,,,,,,,
6LCRA,961,D,957,969,,,,,,,,,,,,,,,,
6LCRA,1008,R,993,1010,,,,,,,,,,,,,,,,
4LDSA,22,D,19,26,,,,,,,,,,,,,,,,
4LDSA,102,R,102,108,,,,,,,,,,,,,,,,
5LDWN,105,K,105,111,,,,,,,,,,,,,,,,
6LEOA,49,E,42,50,,,,,,,,,,,,,,,,
6LI2A,62,D,59,72,,,,,,,,,,,,,,,,
6LI2A,100,K,97,111,,,,,,,,,,,,,,,,
5LKIA,2158,R,2151,2165,,,,,,,,,,,,,,,,
5LKIA,2165,D,2151,2165,R,,,,,,,,,,,,,,,
5LKIA,2185,E,2183,2194,,R,,,,,,,,,,,,,,
5LKIA,2192,E,2183,2194,E,,,,,,,,,,,,,,,
6LKNA,38,R,38,49,K,,,,E,,,R,,,,,,,E35,E35
6LKNA,39,R,38,49,,,,E,,,R,,,,,,,,E258;E337,
6LKNA,853,K,850,859,,,,,,,,,,,,,,,,
6LKNA,939,E,930,942,,,,,,,,,,,,,,,,
6LKNA,983,K,975,983,,,,,,,,,,,,,,,D987;E1054,D987
6LKNA,1054,E,1043,1055,,,,,,,,,,,,,,,K983,
3LLQA,164,E,163,174,,,,,,,,,,,,,,,,
6LLEA,63,R,62,72,,,E,D,,,,,,,,,,,,
6LLEA,90,E,90,99,E,,,,,,,,,,,,,,,
6LLEA,262,K,262,271,E,,,E,,,,,,,,,,,,
6LLEA,768,E,762,773,,,,,,,,,,,,,,,,
6LLEA,797,D,788,799,,,,,,,,,,,,,,,,
6LLEA,905,E,900,908,,,,,,,,,,,,,,,,
6LLEA,969,K,969,979,,,,,,,,,,,,,,,,
6LLEA,978,D,969,979,,,,,,,,,,,,,,,,
6LLEA,979,E,969,979,,,,,,,,,,,,,,,,
6LMVA,68,E,68,83,,,,,,,,,,,,,,,,
2LOMA,64,R,64,80,,,,,,,,,,,,,,,,
2LOQA,17,D,16,41,,,K,E,,,,,,R,,,,,,
2LOQA,20,R,16,41,E,,,,D,,,,,,,,,,,
2LOQA,93,K,73,95,,,,,,,,,,,,,,,,
4LP8A,116,E,113,127,,,,,,,,,,,,,,,,
5LQXY,179,R,178,186,R,,,,,,,,,,,,,,,
6LUMC,20,R,20,33,,,,,,,,,,,,,,,,
6LUMC,79,R,64,81,,,,,,,,,,,,,,,,
6LUMD,42,R,42,53,K,,,,,,,,,,,,,,,
5LWEA,51,D,45,58,,,,,,,,,,,,,,,,
5LWEA,76,K,73,89,K,,,,,,,,,,,,,,,
6LW5A,176,D,173,186,,,,,,,,,,,,,,,,
6LW5A,204,K,204,221,,,,,,,,,,,,,,D,,
6LW5A,211,D,204,221,K,,,,,,,,,,,,,,R306,
6LW5A,306,R,306,320,,,,,,,,,,,R,,,,D211,
6LW5A,310,R,306,320,,,,R,,,,,,,,,,,,
6LYPA,7,D,7,16,,,,,,,,,,,,,,,,
6LYPA,10,R,7,16,,,,E,D,,,,,,,,,,,
6LYPA,40,K,39,57,,,,,,,,,,,,,,,,
6LYPA,53,R,39,57,,,,,,,,,,,,,,,,
6LYPA,55,K,39,57,,,,,,,,,,,,,,,,
2M0QA,90,E,89,98,,,,,,,,D,,,E,K,,,,
2M0QA,91,D,89,98,,,,,,,E,,,E,K,,,,,
2M0QA,94,E,89,98,,,,E,D,,,K,,,,,,,,
2M0QA,95,K,89,98,,,E,D,,,E,,,,,,,,,
2M0QA,97,K,89,98,E,D,,,E,K,,,,,,,,,,
6M04A,28,D,28,42,,,,D,,,,,,,,,,,,
6M04A,179,K,176,190,,,,,,,,,,K,,,,,,
6M04A,182,K,176,190,,,,,K,,,,,,,,,,,
6M17A,53,R,44,53,,,,,,,,,,,,,,,D482,
6M17A,77,E,70,77,,,,,,,,,,,,,,,,
6M17A,266,D,263,277,,,,D,,,,,,,,,,,H61,
4M58A,198,E,189,200,,,,,,,,,,,,,,,,
4M64B,18,K,18,29,,,,,,,,D,,,,,,,,
4M64B,19,D,18,29,,,,,,,K,,,,,,,,,
4M64B,52,R,48,57,,,,,,,,,,D,,,,,,
4M64B,55,D,48,57,,,,,R,,,,,,,,,,,
4M64B,377,K,375,382,,,,,,,,,,,,,,,,
6M66A,23,E,10,24,,,,,,,,,,,,,,,,
5M87A,107,E,106,120,,,,,,,,,,,,,,,R356,
5M87A,114,D,106,120,E,,,,,,,,,,,,,,R357;R361,
5M87A,117,E,106,120,,,,,,,,,,,,,,,,
5M87A,361,R,359,365,,,R,R,,,,,,,,,,,D114;D143,
4MESA,78,E,78,87,,,,,,,,,,,,,,,H119,
4MESA,115,K,107,119,,,,,,,,,,,,,,,E32,
2MGYA,46,R,46,56,K,,,,,,,,,,,,,,,
5MG3E,50,D,49,57,,,,,,,,,,,,R,,,R55,R55
5MG3E,55,R,49,57,,,D,,,,,,,,,,,,D50,D50
5MG3D,365,K,361,368,,,,,,,,,,,,,,,,
5MG3F,167,D,160,170,,,,,,,,,,,,,,,H166,H166
5MG3C,297,K,291,299,,,,,,,,,,,,,,,,
6MGVA,85,K,79,94,R,,,,,,,,,,,,,,,
6MGVA,124,K,111,124,,,,,,,,,,,,,,,,
6MGVA,320,R,320,337,,,,,,,R,,,,,,,,,
6MGVA,362,K,361,376,,,,,,,,,,,,,,,,
6MGVA,394,R,392,405,,E,R,R,,,,,,,,,,,,
6MGVA,439,D,434,454,,,,,,,,,,,,,,,,
6MGVA,447,E,434,454,,,,,,,,,,,,,,,,
6MGVA,452,K,434,454,,,,,,,,,,,,,,,,
6MGVA,486,E,483,499,,,,,,,,,R,,,,,,,
6MGVA,488,R,483,499,,,,,,E,,,,,,,,,,
6MGVA,546,R,545,555,,,,D,,,,,,,,,,,,
1MHSA,129,E,118,129,,,,,,,,,,,,,,,,
1MHSA,695,R,695,708,,,,,,,,,,,,,,,D730,
1MHSA,703,E,695,708,,,,,,,,,,,,,,,,
1MHSA,730,D,722,732,,,,,,,,,,,,,,,R695,
1MHSA,805,E,800,808,,,,,,,,,,,,,,,H701,
1MHSA,835,D,832,838,,,,,,,,,,,,,,,,
1MHSA,859,R,859,870,,,,,,,,,,,,,,,E782,
6MHOB,349,R,348,363,,,,,,,,,,,,,,,,
6MHOB,362,K,348,363,,,,,,,,,,,,,,,,
6MHOB,363,E,348,363,,,,,,,,,,,,,,,,
6MHOB,442,K,441,456,,,,,D,,,,,,,,,,,
3MKTA,254,E,243,257,,,,,,,,,,,,,,,,
3MKTA,370,D,363,374,,,,,,,,,,,,,,,,
5MKEA,257,E,257,271,D,,,,,,,,,,,,,,,
5MKEA,270,E,257,271,,,,,,,,,,,,,,,,
5MKEA,271,E,257,271,,,,,,,,,,,,,,,,
5MKEA,352,K,342,354,,,,,,,,,,,,,,,,
4MLBA,328,E,323,334,,K,,,,,,,,,,,,,,
4MLBA,399,R,394,410,,,,,,,,,,,,,,,,
5MLZA,252,E,242,254,,,,,,,,,,,,,,,,
5MLZA,274,E,272,280,,,,,,,,,,,,,,,H305,
4MNDA,354,D,352,358,,,,D,R,,,,,,,,,,R351;R411;R414,R351
4MNDA,412,D,412,419,,,,,,K,R,E,R,,,,,,,
4MNDA,413,E,412,419,,,,,K,R,D,R,,,,,,,,
4MNDA,414,R,412,419,,,,K,R,D,E,,,,,,,,D354,
4MNDA,446,R,438,447,,,,,,,,,,,,,,,,
2MPNA,57,R,41,58,,,,,,,,,,,,,,,,
4MRNA,50,K,39,55,,,,,,,,,,,,,,,E168,
4MRNA,91,R,91,101,,,,,,,,,,,,,,D,,
4MRNA,98,D,91,101,R,,,,,,,,,,,,,,R101,R101
4MRNA,101,R,91,101,,,,,D,,,,,,,,,,D98,D98
4MRNA,168,E,161,172,,,,,,,,,,,,,,,K50,
4MRNA,200,R,188,201,,,,,,,,,,,,,,,,
4MRNA,313,R,309,318,,,,,,,,,,D,,,,,,
4MRNA,316,D,309,318,,,,,R,,,,,,,,,,,
6MRTA,14,D,12,30,K,,,,E,,,,,,D,,,,,
6MRTA,18,D,12,30,E,,,D,,,,,,,,,,,,
6MRTA,22,K,12,30,,,,D,,,,,,,,,,,,
6MRTA,25,D,12,30,D,,,,,,,,,,,,,,,
6MRTA,167,R,167,177,,,,,D,K,,K,E,,,,,,E197,
6MRTA,168,K,167,177,,,,D,K,,R,E,,,,,,,,
6MRTA,169,E,167,177,,,D,K,,R,K,,,,,,,,,
6MRTA,197,E,189,199,,,,,,,,,,,,,,,R167,
6MRTA,199,K,189,199,,,,,,,,,,,,,,,,
6N3IA,23,D,17,25,,,,,,,,,,,,,,,R129,
6N3IA,129,R,128,140,,,E,,,,,,,,,,,,D23,
6N3IA,202,E,201,208,,R,,,,,,,,,,,,,,
6N3QA,55,E,55,62,,,R,,,,,,,,,,,,,
6N3QA,163,E,158,166,,,,,,,,,,,,,,,,
6N40A,190,E,189,199,,E,D,,K,R,,,,,,,,,K187,K187
6N40A,256,D,247,256,,,,,,,,,,,,,,,,
6N40A,619,D,611,620,,,,,,,,,,,,,,,,
6N40A,689,D,681,696,,,,,,,,,,,,,,,,
6N40A,694,R,681,696,,,,,,,,,,,,,,,,
6N4BR,25,E,19,31,,,,,,,,,,,,,,,,
6N4BR,55,D,51,61,,,,,,,,,,,,,,,,
6N52A,610,R,610,624,,,,,,,,,,,,,,,,
5N6HA,131,E,122,136,,,,,,,,,,,,,,,R134,R134
5N6HA,134,R,122,136,,,,,,,,,,,,,,,E131,E131
5NAMA,31,K,19,31,,,,,,,,,,,,,,,,
6NC6A,15,R,11,20,,,,,,,,,,,,,,,,
6NC6A,49,R,44,53,,,,,,,,K,,,,,,,,
6NC6A,50,K,44,53,,,,,,,R,,,,,,,,,
6NC6A,416,K,415,428,,,,K,D,,,,,,,,,,,
5NF8A,12,E,12,22,,,,,D,,,R,D,,D,D,,,,
5NF8A,13,R,12,22,,,,D,,,E,D,,D,D,,,,,
5NF8A,14,D,12,22,,,D,,,E,R,,D,D,,,,,,
5NF8A,16,D,12,22,D,,,E,R,D,,D,,,,,,,R23,R23
5NF8A,17,D,12,22,,,E,R,D,,D,,,,,,,,,
5NF8A,22,E,12,22,,D,D,,,,,,,,,,,,,
5NF8A,53,R,44,54,,,,,,,,,,,,,,,,
5NF8A,95,K,94,102,,,K,E,,K,,E,E,,,K,E,,,
5NF8A,96,E,94,102,,K,E,,K,,K,E,,,K,E,,,,
5NF8A,97,E,94,102,K,E,,K,,K,E,,,K,E,,,,,
5NF8A,100,K,94,102,K,,K,E,E,,,E,,,,,,,,
5NF8A,101,E,94,102,,K,E,E,,,K,,,,,,,,,
5NF8A,102,K,94,102,K,E,E,,,K,E,,,,,,,,,
5NF8A,137,E,136,142,,,R,,K,,,,E,E,E,,K,,,
5NF8A,139,E,136,142,R,,K,,,E,,E,E,,K,,,,,
5NF8A,140,E,136,142,,K,,,E,,E,E,,K,,,,,,
5NF8A,141,E,136,142,K,,,E,,E,E,,K,,,,,,,
6NF4A,88,D,78,88,,,,,,,,,,,,,,,,
6NF4A,187,E,182,192,,,,,,,,,,,,,,,,
6NF4A,331,E,324,332,,,,,,,,,,,,,,,,
6NF4A,332,K,324,332,,,,,,,E,,,,,,,,,
6NF4A,408,R,398,408,,,,,,,,,,,,,,,,
5NL2A,555,E,555,563,,,,,,,D,,,,,,,R,,
5NL2A,562,R,555,563,E,,,,,,,,,,,,,,,
5NL2A,654,E,647,659,,,,,,,,,,,,,,,,
5NL2A,659,K,647,659,,,E,,,,,,,,,,,,,
6NQ0A,91,E,90,96,,,,,E,,,,,,,,,,R153;R149,
6NQ0A,133,D,128,135,,,,,,,,,,,,,,,R149,
6NQ0A,427,E,421,428,,,,,,,,,,,,,,,,
2NRGA,49,R,36,51,,,,,,,,,,,,,,,,
6NSJA,164,E,162,173,,,,,,,,,,,,,,,,
4NTJA,57,R,42,57,,,,,,,,,,,,,,,,
4NTJA,73,K,73,85,,,,,,,,,,,,,D,,,
4NTJA,79,D,73,85,,K,,,,,,,,,,,,,,
4NTJA,371,R,357,372,,,,,,,,,,,,,,,,
6NT6A,52,K,38,56,,,,,,,,,,,,,,,,
6NT6A,81,R,79,89,,,,,,,,,,,,,,,,
5NV9A,131,R,120,131,,,,,,,,,,,,,,,,
5NV9A,275,K,275,282,R,,,,,,,,,,,,,,,
6NWDA,91,D,91,102,,D,,,R,,,,,,,,,,H57,
6NWDA,102,E,91,102,,,,,,,,,,,,,,,,
6NWDA,120,K,120,131,E,,R,,,,,,,,,,,,,
6NWDA,185,R,184,196,,,,,R,,,,,,,,,,,
6NWDA,223,D,220,234,,,,,,,,,,,K,,,,K227,K227
6NWDA,227,K,220,234,,,,D,,,,,,,,,,,D223,D223
3NYMA,60,D,60,70,,D,,E,,K,E,,K,,,,D,,,
3NYMA,62,K,60,70,,E,,K,E,D,,,,,D,,,,,
3NYMA,66,D,60,70,E,D,,K,,,,,,,,,,,,
3NYMA,69,E,60,70,K,,,,D,,,,,,,,,,,
5O0TA,197,E,189,197,,,,,,,,,,,,,,,R201,R201
1O5WA,511,K,508,520,,,,,,,,,,,,,,,,
6O58L,22,R,21,33,K,,,,,,,,,,,,,,,
4O6MA,330,D,330,340,,,,,,,R,,R,,,,,,,
4O6MA,332,R,330,340,,,,,R,D,,,,,,,,,D271,
4O6MA,359,E,352,360,,,,,,,,,,,,,,,R362;R363,R362;R363
4O6YA,178,E,166,179,,,,,,,,,,,,,,,,
4O6YA,179,K,166,179,,,,,,,,,,,,,,,,
4O6YA,195,E,195,209,,,,R,,,,,,,,,,,R34,
3O7PA,135,E,125,137,,,,,,,,,,,,,,,,
3O7PA,312,R,306,314,,,,,,,,,,,,,,,,
6O84A,154,D,147,157,,,,,,,,,,,,,,,,
6O84A,189,E,189,198,,,,,,,,,,,,,,,,
6O84A,399,R,392,402,,,,,,,,,,,,,,,,
5O9HA,52,D,49,58,,,,,,,,,,,,,,,,
5O9HA,174,R,172,184,E,R,,,,,,,,,,,,,,
2OARA,56,K,47,65,,,,,,,,,,,,,,,,
2OARA,59,D,47,65,,,,,,,,,,,,,,,,
6OB6A,256,D,256,264,,,,,,,,,,,R,,,,,
6OB6A,260,R,256,264,,,,D,,,,,,,,,,,,
5OC0A,58,R,49,58,,,,,,,,,,,,,,,,
5OC9A,342,E,337,347,,,,,,,,,,,,,,,,
5OC9A,346,R,337,347,,,,E,,,,,,,,,,,,
5OC9A,574,K,568,575,E,,,,,,,,,,,,,,,
5OCHA,128,R,121,128,,,,,,,,,,,,,,,,
5OCHA,257,R,257,268,,,,,,,,,,,,,,,,
5OGEA,100,K,99,105,,,,,,,,,,,,,,,,
5OGEA,255,K,249,259,,,,,,,,,,,,,,,,
4OH3A,33,E,28,47,,,,,,,,,,,,,,,R37,R37
4OH3A,36,E,28,47,,,,,E,,,,,,,,,,,
4OH3A,37,R,28,47,,,,E,,,,,,,,,,,E33,E33
4OH3A,156,K,139,159,,,,,,,,,,,,,,,,
4OH3A,184,R,184,200,K,,,,,,,,,,,,,,,
4OH3A,344,D,331,349,,,,,,,,,,,,,,,,
4OH3A,345,R,331,349,,,,,,,,,,,,,,,,
4OH3A,349,R,331,349,,,,,,,,,,,,,,,,
4OH3A,366,R,365,379,,,,R,,,,,,,,,,,,
4OH3A,412,E,406,418,,,,,,,,,,,,,,,,
6OH4A,38,E,35,43,,,,,,,,,,K,,,,,K41,K41
6OH4A,41,K,35,43,,,,,E,,,,,,,,,,E38,E38
6OH4A,110,K,106,113,,,,,,,,,,,,,,,,
6OHTA,67,E,53,67,,,,,,,,,,,,,,,,
6OHTA,149,D,139,150,,,,,,,,,,,,,,,,
6OLYA,69,E,54,74,,,,,,,,,,,,,,,,
6OLYA,70,R,54,74,,,,,,,,,,,,,,,,
6OLYA,73,E,54,74,,,,,,,,,,,,,,,,
5OQKA,40,E,35,45,D,,,,,,,,,,,,,,,
5OQKA,44,D,35,45,,,,E,,,,,,,,,,,,
5OQKA,106,D,96,106,,,,,,,,,,,,,,,H61,
5OQKA,126,R,122,130,,,,,,,,,,R,,,,,D33,
5OQKA,129,R,122,130,,,,,R,,,,,,,,,,D95,
5OQTA,109,D,107,120,,,,,,,,,,,E,,,,,
5OQTA,113,E,107,120,,,,D,,,,,,,,,,,,
3ORGA,27,D,11,29,,,,,,,,,,,,,,,H31,H31
3ORGA,123,E,123,129,,,,,,,,,,,,,,,,
3ORGA,234,R,221,235,,,,,,,,,,,,,,,,
3ORGA,292,K,292,298,,,,,,,,,,,,,,,,
6OV2A,77,R,75,90,,,D,,,,,,,,,,,,,
6OWXA,46,E,46,52,,,D,K,,K,,,,,,K,,E,,
6OWXA,51,K,46,52,K,,E,,,,,,E,,,,,,,
6P25B,178,K,177,183,,,,R,K,,,,,,,,,,,
6P25B,211,D,203,211,,,,,,,,,,,,,,,R233,
6P25B,233,R,229,236,,,,,,,,,,,,,,,D211,
6P2JA,340,E,335,341,,,,,,,,,,,,,,,,
6P49A,566,E,565,571,,,,,,,,,,,,,,,,
3P5NA,70,K,66,74,,,,,,,,,,,,,,,D48,
3P5NA,167,K,167,176,,,,,,,,,,,,,,,D48,
4P6VB,101,E,95,102,,,,,,,,,,,,,,,,
4P6VB,148,K,140,149,,,,,,,,,,,,,,,,
4P6VB,149,E,140,149,,,,,,,,,,,,,,,,
4P6VB,285,D,282,288,,,,,,,,,,,,,,,,
4P6VE,12,E,9,24,,,K,,,,,,,,,,,,,
6P6IA,64,R,59,65,,,,,,,,,,,,,,,,
6P6IB,252,E,247,254,,,,,,,,,,,,,,,,
1P7BA,130,E,127,140,,,,,,,,,,,,,,,,
6P9XR,54,R,47,57,,,,,,,,,,,,,,,,
6P9XR,241,E,234,250,,,,,,,,,,,,,,,,
6PE4A,644,E,644,677,,,,,,,,,,,,,,,,
6PE4A,658,R,644,677,,,,,,,,,,,,,,,,
6PE4A,712,E,692,727,,,,,,,,,,,,,,,,
6PE4A,722,R,692,727,,,,,,,,,,,,,,,,
6PE4A,727,E,692,727,,,,,,,,,,,,,,,,
4PGRA,52,E,50,59,,,,,,,,,,,,,,,R208,
4PGRA,198,D,195,205,,,,,,,,,,,,,,,R63,
3PJZA,131,R,131,144,,K,,,,,,,,,,,,,E104,
3PJZA,468,R,460,470,,,,,,,,,,,,,,,,
3PJZA,470,E,460,470,,,,,,,,,,,,,,,K357;R360,
6PL5A,301,R,294,301,,,,,,,,,,,,,,,,
6PUOA,755,E,746,756,,,,,,,,,,,,,,,,
6PUOA,756,E,746,756,,,,,,,,,,,,,,,,
6PUOA,783,K,782,795,,,,D,,,,,D,,,,,,,
6PUOA,785,D,782,795,,D,,,,K,,,,,,,,,,
6PUOA,815,D,813,825,,R,,,,,,,,,,,,,,
6PUOA,822,R,813,825,D,,,,,,,,,,,,,,,
6PUOA,845,K,845,863,,,,K,R,,,D,,,,,,,,
6PUOA,846,D,845,863,,,K,R,,,K,,,,,,,,,
1PW4A,44,R,34,46,,,,,,,,,,,,,,,,
1PW4A,45,K,34,46,,,,,,,,,,,,,,,D273,
1PW4A,268,R,261,274,,,,,,,,,,,,,,,,
1PW4A,273,D,261,274,,,R,,,,,,,,,,,,K45,
1PW4A,298,E,295,304,,,,,,,,,,,,,,,H164,
6PW4A,438,D,429,438,,,,,,,,,,,,,,,,
6PW4A,504,R,498,504,,,,,,,,,,,,,,,,
6PW4A,528,K,528,546,,,K,,,,,D,,,R,,,,,
6PW4A,529,D,528,546,,K,,,,,K,,,R,,,,,,
6PW4A,532,R,528,546,,,,K,D,,,,,,,,,,,
4PX7A,46,E,45,60,K,,,,,,,,,,,,,,,
4Q2EA,62,E,51,63,,,,,,,,,,,,,,,,
4Q2EA,164,D,158,172,,,,,,,,,,,,,,,,
4Q2EA,190,E,190,201,,,,R,K,,,,,,,,,,,
4Q2EA,235,D,229,241,,,,,,,,,,,,,,,,
4Q2EA,239,D,229,241,,,,D,,,,,,,,,,,K187,
4Q2EA,266,D,266,279,,,,,,,,R,,D,,,,,,
4Q2EA,267,R,266,279,,,,,,,D,,D,,,,,,,
4Q2EA,269,D,266,279,,,,,D,R,,,,,,,,,,
4Q4AA,35,E,28,40,,,,,,,,,,,,,,,R146,
4Q4AA,39,D,28,40,,,,E,,,,,,,,,,,R146,
4Q4AA,146,R,144,155,,,,R,,,,,,,,,,,E35;D39,
4Q65A,21,E,20,27,,,,,,,,,,,,,,,,
4Q65A,391,E,387,394,,,,,,,,,,,,,,,,
2Q7MA,62,D,59,70,,,,,,,,,,,,,,,,
2Q7MA,94,R,88,98,,,,,,,,,,,,,,,,
2Q7MA,96,K,88,98,,,,,,R,,,,,,,,,,
2Q7MA,116,K,115,123,,,,,,,,R,,,,,,,,
2Q7MA,117,R,115,123,,,,,,,K,,,,,,,,,
3Q7KA,154,D,154,174,,,,,,,,,K,,,,,,H158,H158
3Q7KA,156,K,154,174,,,,,,D,,,,,,,,,E208,
3Q7KA,163,E,154,174,K,,,,,,,,,,,,,,,
3Q7KA,253,D,250,264,,,,,,,,,,,,,,,,
1QLEC,258,D,253,259,,,,,,,,,,,,,,,,
6QTIA,802,E,793,802,,,,,,,,,,,,,,,,
4QUVA,169,R,168,175,,K,,,,E,,,,,,,,,,
4QUVA,210,D,202,210,,,,,,,,,,,,,,,,
4QUVA,237,D,236,244,,,,,,,,,,,,,,,,
6QU1A,190,K,190,203,R,,,,,,,,,K,,,E,,,
6QU1A,193,K,190,203,,,,,K,,,,,E,,,,,,
6QU1A,196,E,190,203,,K,,,K,,,,,,,,,,,
6QU1A,200,R,190,203,K,,,E,,,,,,,,,,,,
6QU1A,227,R,221,233,,,,,,,,,,,,,,,,
6QU1A,230,K,221,233,,,,,R,,,,,,,,,,,
6QUZB,287,R,285,294,,,,R,,,,,,,E,,,,,
6QUZB,291,E,285,294,,,,R,,,,,,,,,,,,
4R1IA,184,D,179,189,,,,,,,,,,,,,,,R437,
6R3QA,114,E,109,121,,,,,,,,,,,,,,,,
6R3QA,142,E,133,142,,,,,,,,,,,,,,,,
6R3QA,463,E,455,464,,,,,,,,,,,,,,,,
6R4LA,976,D,966,976,,,,,,,,,,,,,,,,
6R4LA,1048,K,1046,1053,,K,,,,,,,,,,,,,H1052,H1052
6R6BF,188,E,184,193,,,,,,,,,,,,,,,,
6R6BF,211,K,205,214,,,,,,,,,,,,,,,,
6R6BI,52,K,50,66,,,,,,,,,,,,,,,,
6R7DA,63,E,62,71,R,,,,,,,,,,,,,,,
6R7DA,95,R,89,97,,,,,,,,,,,,,,,,
6R7DA,97,R,89,97,,,,,,R,,,,,,,,,,
6R7DA,118,R,114,124,,,,,,,,,,,,,,,,
6RAGA,74,R,72,81,,,,,,,,,,,,,,,,
6RAGA,259,D,251,261,,,,,,,,,,,,,,,,
6RAGA,291,R,290,297,,,,,D,,,,,,,,,,,
6RAGB,139,R,138,147,,,,,,,,,,,,,,,,
6RD43,12,K,12,20,,,,,,,,,,,E,E,,,,
6RD43,16,E,12,20,,,,K,,,,E,,,,,,,,
6RD43,17,E,12,20,,,K,,,,E,,,,,,,,,
6RD45,11,E,7,17,,,E,,,,,,,,,,,,,
1RH5A,122,E,117,124,,,,,,,,,,,,,,,,
1RH5C,44,E,38,45,,,,,,,,,,,,,,,,
3RKOL,229,K,226,234,,,,,,,,,,,,,,,D178,
3RKOL,399,K,391,402,,,,,,,,,,,,,,,,
3RKOL,400,D,391,402,,,,,,,,,,,,,,,,
3RKOL,401,E,391,402,,,,,,,,,,,,,,,,
3RKON,217,K,215,223,,,,,,,,,,,,,,,,
6RKOB,25,D,18,32,,,,,,,,,,,,,,,R99,
6RKOB,28,D,18,32,,,,,D,,,,,,,,,,,
6RKOB,99,R,91,99,,,,,,,,,,,,,,,D25,
6RKOA,98,E,98,106,,,,,,,,,,,,,,,,
6RKOA,106,E,98,106,,,,,,,,,,,,,,,,
6RKOA,182,K,180,192,,,,,,,,,,,,,,,,
6RKOA,322,R,321,331,,,,,,,,,,,,,,,,
6RKOA,369,E,365,372,,,,,,,,,,,,,,,,
6RMGA,906,E,899,909,,,,,,,,,,,,,,,,
6ROJA,40,E,40,52,,,K,,,,,,,K,,,,,K43,K43
6ROJA,43,K,40,52,,,,,E,,,,,,,,,,E40,E40
6ROJA,83,K,72,84,,,,,,,,,,,,,,,E334,
6ROJA,84,E,72,84,,,,,,,,,,,,,,,,
6ROJA,334,E,319,334,,,,,,,,,,,,,,,K83,
6ROJA,837,K,833,846,,,,,,,,,,,,,,,,
6ROJA,968,K,959,968,,,,,,,,,,,,,,,,
6RW8A,2107,E,2100,2109,,,,,,,,,,,,,,,,
6RW8A,2148,E,2143,2150,,,,,,,,K,,,,,,,,
6RW8A,2149,K,2143,2150,,,,,,,E,,,,,,,,,
6RW9A,2237,R,2236,2244,,,D,,,,,,,,,E,K,,,
6RW9A,2242,E,2236,2244,,,R,,,,,K,,,,,,,,
6RW9A,2243,K,2236,2244,,R,,,,,E,,,,,,,,,
4RY2A,216,R,206,219,,,,,,,,,,,,,,,,
4RY2A,279,D,274,286,,,,,,,,,,,,,,,,
4RY2A,429,K,423,433,,,,,,,,,,,,,,,,
4RY2A,433,D,423,433,,,,K,,,,,,,,,,,,
3S0XA,88,K,88,95,,,,,,D,,,,,,,,,,
6S3KA,10,D,10,19,,,,,,,,,,,,,,,,
6S3KA,105,D,92,105,,,,,,,,,,,,,,,,
6S3LG,54,R,50,56,,,,,,,,,,,,,,,,
6S3LK,124,K,123,130,E,,,K,,,,,,,,,,,E4,
6S3SE,139,D,139,145,,,,,,,,,,,,,,,K164,
6S4MA,137,K,131,139,R,,,,,,,,,,,,,,D18,
6S7VA,17,E,13,23,,,,,,,,,,R,,,,,R20,R20
6S7VA,20,R,13,23,,,,,E,,,,,,,,,,E17,E17
6S7VA,53,D,50,56,,,,,,,,,,,,,,,,
6S7VA,257,K,249,258,,,,,,,,,,,,,,,,
6SH3A,21,R,10,26,,,,,,,,,,,,,,,,
6SH3A,26,K,10,26,,,,,,,,,,,,,,,,
6SHKA,30,E,29,40,K,D,,,E,D,,,,,K,,,,K34,K34
6SHKA,34,K,29,40,E,D,,E,,,,,,,,,,,E30,E30
6SHKA,39,D,29,40,,,K,,,,,,,,,,,,,
6SL56,71,E,69,82,,,E,,,,,,D,,,,,,,
6SL56,73,D,69,82,E,,,,,E,,,,,,,,,,
6SL56,154,K,152,164,,,,E,,,,,,,D,,,,,
6SL56,158,D,152,164,,,,K,,,,,,,,,,,,
6SL56,162,K,152,164,,,,D,,,,,,,,,,,,
6SO5C,136,K,127,137,,,,,,,,,,,,,,,,
6SO5E,85,D,84,91,K,,,E,,,,,,,,,,,,
5SV0B,35,K,19,35,,,,,,,,,,,,,,,,
5SV9A,30,D,28,37,R,,,,,,,,,,,,,,,
5SV9A,286,D,278,289,,,,,,,,,,,,,,,,
5SV9A,448,E,444,450,,,,,,,,,,,,,,,,
6SYTA,1519,D,1516,1523,,,,D,,,,,,E,,,,,,
6SYTA,1522,E,1516,1523,D,,,,D,,,,,,,,,,,
6T1ZA,314,E,307,314,,,,,,,,,,,,,,,,
6T1ZA,344,K,344,351,,,,,,,,,,,,,,,,
6T1ZA,375,E,370,376,,,,,,,,,,,,,,,,
6T6VA,412,R,412,425,,E,,,D,,,,,,,,K,,,
6T6VA,418,K,412,425,,R,,,,,,,,,,,,,,
6T6VA,489,E,485,499,,,,,,,,,,,,,,,,
6T6VA,568,E,560,569,,,,,,,,,,,,,,,,
5TCXA,81,E,70,83,,,,,,,,,,,,,,,,
5TCXA,195,E,185,198,,,,,,,,,,,,,,,,
3TDOA,162,R,162,172,,,,,,,,,,,,,,,,
5TJ6A,169,E,169,178,D,K,,,,,,,,,,,D,,,
5TJ6A,175,D,169,178,,E,,,,,,,,,,,,,R156;R202,
6TJVF,399,E,389,402,,,,,,,,,,,,,,,,
6TJVF,402,D,389,402,,,,,,,,,,,,,,,,
4TKRA,155,R,150,158,,,,,,,,,,,,,,,,
6TK1A,109,D,104,115,R,,,,,,,,,,,,,,K248,
6TK1A,244,D,241,256,,,,,,,,,,,K,,,,,
6TK1A,248,K,241,256,,,,D,,,,,,,,,,,D109,
6TP3A,61,D,58,72,,,,,,,,,,,,,,,,
6TP3A,258,K,243,258,,,,,,,,,,,,,,,,
4TQ3A,22,R,21,34,,K,,,R,,,,,,,,,,,
5TQQA,26,R,9,26,,,,,,,,,,,,,,,,
5TQQA,204,R,195,205,,,,,,,,,,,,,,,,
5TQQA,344,K,341,350,,,,,,,,,,,,,,,,
6TQEA,25,K,21,37,D,,,,,,,,,,,,,,,
6TQEA,83,R,72,87,,,,,,,,,,,,,,,,
6TQEA,138,R,133,144,,,,,,,,,,,,,,,,
6TQEA,142,D,133,144,,,,R,,,,,,,,,,,,
6TQEA,379,D,376,387,,,,,,,,,,,,,,,,
6TQEA,385,R,376,387,,D,,,,,,,,,,,,,,
4TSYA,14,D,9,20,D,,,,,,,,,,,,,,K17,K17
4TSYA,17,K,9,20,,,,,D,,,,,,,,,,D14,D14
5TTPA,101,R,96,107,,,,,,,,,,,,,,,,
5TTPA,171,R,168,180,,,,,,,,E,,,,,,,,
5TTPA,172,E,168,180,,,,,,,R,,,,,,,,,
5TTPA,206,R,195,206,,,,,,,,,,,,,,,,
5TTPA,319,R,315,324,,,,,,,,,,K,,,,,,
5TTPA,322,K,315,324,,,,,R,,,,,,,,,,,
6TT7K,20,E,20,41,R,,,,,,E,,,,,,,,,
6TT7K,28,K,20,41,,,,,,,,,,,,,,,,
6TT7K,56,E,56,63,E,,,,,,,,,,,,,,,
6TT7P,23,E,22,31,,,,,,,,,,,,,,,,
6TT7R,30,R,20,31,,,,,,,,,,,,,,,,
6TT7S,19,E,18,67,,,,,,K,,,,,,,,,,
6TT7S,27,E,18,67,,,,,,,,,,,,,,,,
6TT7S,36,K,18,67,,,,,,,,,,,,,,,,
6TT7S,37,K,18,67,,,,,,,,,,,,,,,,
6TT7S,43,K,18,67,,,,,,,,,,,,,,,,
6TT7S,48,K,18,67,,,,,,,,,,,,,,,,
6TT7S,53,K,18,67,,,,,,,,,,,,,,,,
6TT7S,54,E,18,67,,,,,,,,,,,,,,,,
6TT7S,64,E,18,67,,,,,,,,,,,,,,,,
5TWVB,301,R,301,310,,,,,,,,,,,D,,,,,
5TWVB,305,D,301,310,,,,R,,,,,,,,,,,,
5TWVB,365,R,358,366,,,,,,,,,,,,,,,,
5TWVB,860,K,854,864,,,,,,,,,,,,,,,,
5TWVB,1074,E,1074,1081,R,,,E,,,,,,,,,,,,
6U0OA,130,E,125,133,,,,,,,,,,,,,,,R134;H205,R134
6U1NR,50,D,48,58,,,,,,,,,,,,,,,,
6U1NR,84,D,83,94,,D,,,,,,,,,,,,,,
6U1SA,287,E,283,295,,,,,,,,,,,,,,,K291,K291
6U1SA,291,K,283,295,,,,E,,,,,,,,,,,E287,E287
4U4TA,76,R,65,78,,,,,,,,,,,,,,,,
4U4TA,285,R,275,287,,,,,,,,,,,,,,,,
4U4TA,403,K,393,404,,,,,,,,,,,,,,,,
5U6OA,90,D,87,96,,,,,,,,,,,,,,,,
5U6OA,96,D,87,96,,D,,,,,,,,,,,,,R180,
5U6OA,130,D,128,139,,K,,,,,,,,,,,,,,
5U6OA,138,D,128,139,,,,,,,,,,,,,,,,
5U6OA,163,R,162,170,,K,,,,,,,,R,,,R,,,
5U6OA,166,R,162,170,,,,,R,,,,,R,,,,,,
5U6OA,169,R,162,170,,R,,,R,,,,,,,,,,,
5U70A,34,K,28,40,R,,,,,,,,,,,,,,E126,
5U70A,81,E,72,85,,,,,,,,,,,,,,,,
5U70A,100,R,99,114,,,,E,,,,,,,,,E,,,
5U70A,106,E,99,114,,R,,,,,,,,,,,,,,
5U70A,137,K,131,139,,,,,,,,,,,,,,,,
5U70A,238,E,223,240,,,,,,,,,,,,,,,,
5U70A,239,E,223,240,,,,,,,,,,,,,,,,
6U8YH,218,E,215,224,,,,,,,,,E,,,,,,,
6U8YH,220,E,215,224,,,,,,E,,,,,,,,,,
6U8YH,249,K,244,250,,,,,,,,,,,,,,,,
6U8YX,204,K,200,209,,,,,,,,,,,,,,,,
6U8YX,235,K,230,236,,,,,,,,,,,,,,,,
6U8YX,331,K,325,331,,,,,,,,,,,,,,,,
6U8YM,258,K,254,260,,,,,,,,,,,,,,,,
5UARA,93,E,90,98,,,,,,,,,,K,,,,,K96,K96
5UARA,96,K,90,98,,,,,E,,,,,,,,,,E93,E93
5UARA,135,R,131,137,,,,,,,,,,,,,,,,
5UARA,348,R,344,350,,,,,,,,,,,,,,,E932,
5UARA,666,E,660,666,,,,,,,,,,,,,,,,
5UARA,701,E,701,707,,,,,,,,,,,,,,,,
3UDCA,23,D,22,40,K,,,K,,,,,,K,,,,,K26,K26
3UDCA,26,K,22,40,K,,,,D,,,,,,,,,,D23,D23
3UDCA,36,K,22,40,,,,,,,,,,,,,,,,
3UDCA,39,D,22,40,,,,,,,,,,,,,,,,
6UD3A,278,D,278,287,,,,,K,,,,,,,,,,R265,
6UKJA,82,D,78,87,,,,,,,,,,,,,,,,
6UKJA,271,D,266,277,,,,,,,,,,,,,,,,
6UKJA,274,D,266,277,,,,,D,,,,,,,,,,,
4US3A,27,R,17,27,,,,,,,,,,,,,,,D378,
4US3A,170,K,170,180,K,,,E,R,,,,,,,,,,,
4US3A,256,D,252,262,,,,,,,,,,,,,,,,
4US3A,323,E,306,324,,,,,,,,,,,,,,,R337,
4US3A,378,D,377,391,,,,,D,,,,,,,,,,R27,
4UVMA,14,E,12,21,,,,,,,,,,E,R,,,,,
4UVMA,17,E,12,21,,,,,E,,,R,,,,,,,R18,R18
4UVMA,18,R,12,21,,,,E,,,E,,,,,,,,E17,E17
4UVMA,412,E,408,415,,,,,,,,,,,,,,,,
6UWMA,124,R,118,127,R,,,,,,,,,,,,,,E36,
6UWMA,127,K,118,127,,,,,R,,,,,,,,,,D63,
5UZ7R,98,E,81,98,,,,,,,,,,,,,,,,
5UZ7R,221,D,220,237,K,,,,K,,,,,,,,,,,
6UZZA,67,E,59,68,,,,,,,,,,,,,,,H137;R71,R71
6UZZA,93,K,93,107,,R,,R,,,R,,,,,,D,,E12,
6UZZA,99,D,93,107,R,K,,,,,,,,,,,,,R71;H137,
6UZZA,130,R,128,134,,R,,,,,,,,,,D,,,,
6V1QA,117,D,112,118,,,,,,,,,,,,,,,R133,
6V1QA,384,R,382,390,,D,,,,,,,,R,,,,,,
6V1QA,387,R,382,390,,,,,R,,,,,,,,,,,
6V1QA,390,R,382,390,,R,,,R,,,,,,,,,,,
6V2JA,25,D,10,27,,,,,,,,,,,,,,,R118;K26,K26
6V2JA,26,K,10,27,,,,,,,,,,,,,,,D25,D25
6V2JA,102,K,101,108,,,R,,,,,,,,,,,,,
6V2JA,242,K,226,243,,,,,,,,,,,,,,,,
6V2JA,311,R,310,317,,,,,,,,,,,,,,,,
6V3FA,674,D,666,675,,,,,,,,,,,,,,,,
6V3FA,716,E,712,720,,,,,,,,,,,,,,,,
6V3FA,745,D,738,752,,,,,,,,,,,,,,,,
6V3FA,1104,D,1094,1109,,,,,,,,,,,,,,,,
6V3FA,1133,E,1126,1134,,,,,,,,,,,,,,,,
5V4SA,62,E,58,64,,,,,,,,,,,,,,,,
6V4DA,107,R,107,116,,,,,,,,,,,,,,E,,
6V4DA,114,E,107,116,R,,,,,,,,,,,,,,,
6V4DA,236,R,233,242,,,,,,,,,,,,,,,,
6V4DA,310,E,307,315,,,,,,,,,,,,,,,,
3V5SA,21,D,13,22,,,,,,,,,,,,,,,R223,
3V5SA,240,D,234,242,,,,,,,,,,,,,,,,
5V56A,363,R,348,365,,,,,,,,,,,,,,,,
5VA2A,174,D,172,180,,,,D,,,,,,,,,,,,
5VA2A,180,D,172,180,,D,,,,,,,,,,,,,,
5VA2A,215,D,213,219,,K,,,,,,,,,,,,,,
5VA2A,233,R,233,239,,,,,K,,,,,R,,,R,,,
5VA2A,236,R,233,239,,K,,,R,,,,,R,,,,,,
5VA2A,239,R,233,239,,R,,,R,,,,,,,,,,,
6VALA,66,R,62,77,,,,,,,,,,,,,,,,
6VALA,154,R,141,155,,,,,,,,,,,,,,,,
6VJAC,92,D,80,93,,,,,,,,,,,,,,,,
6VJZB,199,D,194,200,E,,,,,,,,,,,,,,,
5VKQA,1319,R,1319,1332,D,,,K,D,,,,,,,,,,D1316,D1316
5VKVA,77,R,77,86,E,,R,,,,,,,,,,,,,
2VPWC,60,D,55,62,,,,,,,,,,,,,,,H21,
6VP0C,203,R,202,211,,R,K,R,,,,R,,,E,,,,,
6VP0C,204,R,202,211,R,K,R,,,,R,,,E,,,,,,
6VP0C,207,E,202,211,,,,R,R,,,,,,,,,,,
6VP0C,339,E,331,343,,,,,,,,,,,,,,,,
6VRHA,22,D,16,25,,,,,,,,,,,,,,,,
6VRHA,252,D,250,263,,E,,,,,,,,,,,,,,
6VRHA,361,D,355,366,,,,,,,,,,,,,,,,
6VRHA,418,E,418,429,,,,K,,,E,,,,,,,,,
6VX5E,9,R,8,24,,,,K,,,,E,,,,,,,E10,E10
6VX5E,10,E,8,24,,,K,,,,R,,,,,,,,R9;K264,R9
6VX5E,45,D,42,55,E,K,,,,,,R,,,,,,,,
6VX5E,46,R,42,55,K,,,,,,D,,,,,,,,,
6W2XB,532,D,524,536,,,,,,,,,,,,,,,,
6W2XB,583,K,580,593,,,,,,,,,,,,,,,,
6W4SF,23,D,16,26,,,,,,,,,,,,,,,H27;R24,H27;R24
6W4SF,24,R,16,26,,,,,,,D,,,,,,,,D23,D23
6W4SF,165,D,164,171,,,,,R,R,,,,,,,,,H16,
6W4SF,341,R,338,347,,,,,,,,,,,,,,,,
6W4SF,379,D,374,381,,,,,,,,,,,,,,,,
4W6VA,24,E,21,31,,,,,,,,,,E,R,,,,,
4W6VA,27,E,21,31,,,,,E,,,R,,,,,,,R28,R28
4W6VA,28,R,21,31,,,,E,,,E,,,,,,,,E27,E27
4W6VA,130,K,122,132,,,,,,,,,,,,,,,,
4W6VA,198,R,190,199,,,,,,,,,,,,,,,,
4W6VA,303,E,294,304,,,,,,,,,,,,,,,,
4W6VA,401,E,395,404,,,,,,,,,,,,,,,,
6WB94,157,R,153,162,,,,,,,,K,,,,,,,,
6WB94,158,K,153,162,,,,,,,R,,,,,,,,,
6WB96,91,R,90,99,,,,E,,,,E,,,,,,,D29,
6WB96,92,E,90,99,,,E,,,,R,,,,,,,,,
6WBXA,325,R,325,331,,K,,E,,,,,,,,,,,,
6WC9A,12,D,12,19,,R,,,,,,,,,,,,,R231,
6WC9A,157,D,156,165,E,R,,E,,,,,,,,,,,,
3WDOA,22,R,15,26,,,,,,,,,,,,,,,,
3WDOA,106,R,106,115,,,,,,,,,,,,,,,,
3WDOA,214,K,213,225,,,E,,R,,,,,,,,,,,
3WDOA,318,E,310,321,,,,,,,,,,,,,,,H223,
6WF2A,193,K,193,200,,,,R,R,,,,,,,,,,,
6WHAA,32,D,30,42,,,,,,,,,,,,,,,,
6WHAA,65,D,62,75,,,,,,,,,,,,,,,,
5WIEB,273,E,265,274,,,,,,,,,,,,,,,K339;R277,R277
5WIEB,296,D,296,304,,,,,,,,,,,,,,,K339;R342,
5WIEB,333,R,331,339,,,,,R,,,,,R,,,,,E263;E220,
5WIEB,336,R,331,339,,R,,,R,,,,,,,,,,E263,
5WIEB,339,K,331,339,,R,,,R,,,,,,,,,,E273;D296,
6WLBA,24,R,21,32,,R,,,,,,,,,,,,,,
6WLBA,54,E,50,60,,,,,,,,,,,,,,,,
3WMFA,39,E,31,43,,,,,,,,,,,,,,,R89,
3WMFA,82,E,79,91,,,,,,,,,,,,,,,,
3WMFA,89,R,79,91,E,,,,,,,,,,,,,,E39,
6WM0A,130,K,110,132,,,,,,,,,,,,,,,,
6WM0A,223,E,221,239,,,,R,,,,,,,,,,,,
3WO7A,48,R,47,61,,,,,,,,,,,,,,,,
3WO7A,57,K,47,61,,,,,,,,,,,,,,,,
3WO7A,60,K,47,61,,,,,,,,,,,,,,,,
5WPQA,72,K,69,79,K,,,,,,,,,,,,,,,
5WPQA,362,D,359,368,,,,,,,,,,,,,,,,
5WPQA,427,R,427,442,,,,,,,,,,,,,,,,
6WP8A,200,D,198,209,,,,,,,,,,,K,,,,K204,K204
6WP8A,204,K,198,209,,,,D,,,,,,,,,,,D74;D200,D200
2WSWA,61,E,57,64,,,,,,,,,,,,,,,,
2WSWA,265,D,265,278,K,,,K,,,,,R,,,,,,,
2WSWA,267,R,265,278,,K,,,,D,,,,,,,,,,
5WTRA,97,D,97,105,K,,,,,,,,,,,,,,R137,
5WTRA,137,R,125,138,,,,,,,,,,,,,,,D97;D138,D138
5WTRA,138,D,125,138,,,,,,,,,,,,,,,K23;R137,R137
5WTRA,150,K,150,162,E,,,,,,,E,,,,,,,,
5WTRA,151,E,150,162,,,,,,,K,,,,,,,,,
5WTRA,187,R,180,188,,,,,,,,,,,,,,,,
6WVGA,236,E,227,245,,,,,,,,,,,,,,,,
6WVGA,336,E,323,338,,,,,,,,,,,,,,,,
6WW2R,179,K,172,181,,,,,,,,,,,,,,,,
6WW2R,395,K,394,406,E,,,,,,,,,,,,,,,
6WWZR,66,D,63,73,,,,,,,,,,,,,,,,
6WWZR,96,K,96,110,,,,,K,,,,,,,,,,,
6WWZR,192,E,189,204,K,,,,,,,,,,,,,,,
5X5YG,58,R,54,72,,,,,,,,R,,,,,,,E125,
5X5YG,59,R,54,72,,,,,,,R,,,,,,,,,
5X5YG,62,D,54,72,,,,R,R,,,,,,,,,,,
5X5YG,104,K,102,117,R,,,,,,,,,,,,,,D5,
5X5YG,312,R,303,317,,,,,,,,,,,,,,,,
5X5YG,316,D,303,317,,,,,,,,,,,,,,,,
5X9HA,265,R,265,277,,,,,,R,,,,,,,,,D245,
5X9HA,410,D,406,416,,,,,,,,,,,,,,,,
5XAMA,602,D,598,608,,,,,,,,,,,,,,,,
5XEFA,28,E,23,33,K,,,,,,,R,,,,,,,R117,
5XEFA,29,R,23,33,,,,,,,E,,,,,,,,,
5XEFA,33,E,23,33,,,E,R,,,,,,,,,,,K55,
5XEFA,57,E,57,64,D,E,,,E,K,,R,,,E,E,,K,K94,
5XEFA,58,R,57,64,E,,,E,K,,E,,,E,E,,K,,,
5XEFA,61,E,57,64,E,K,,E,R,,,E,,K,,,,,K64,K64
5XEFA,62,E,57,64,K,,E,R,,,E,,K,,,,,,,
5XEFA,64,K,57,64,E,R,,,E,E,,,,,,,,,E61;D84,E61
5XEFA,84,D,80,89,D,,,,,,,,,,,,,,K64,
5XEFA,111,D,105,113,,,,,,,,,,,,,,,,
5XEZA,161,K,154,165,,,,,,,,,,,,,,,,
5XEZA,435,R,427,445,,,,,,,,,,,,,,,,
5XEZA,489,E,481,493,,,,,,,,,,,,,,,,
1XIOA,75,D,75,82,,,,,R,,,,,,,,,,K210,
1XIOA,210,K,203,212,,,,,,,,,,,,,,,D75,
6XIWA,311,D,306,312,,,,,,,,,,,,,,,,
6XIWA,344,D,338,344,,,,,,,,,,,,,,,,
5XJYA,26,E,26,33,,,,,,,,,,,,,,,,
5XJYA,750,D,747,757,,,,,,,,,,,,,,,,
5XJYA,1591,R,1591,1600,,,,D,,,,,,,,,,,,
5XJYA,1599,E,1591,1600,,,,,,,,,,,,,,,,
5XLSA,131,E,121,132,,,,,,,,,,,,,,,,
6XLPA,149,E,141,152,,,,,,,,,,,,,,,,
5XMJC,164,E,158,170,,,,,,,,,,,,,,,,
6XMPA,868,K,867,880,,,,,,,,,,,,,,,,
6XMPA,1009,K,1009,1025,R,E,,,R,,,,,,,,,,,
6XMPA,1057,D,1055,1068,,,,,,,,,,,,,,,,
6XMPA,1065,E,1055,1068,,,,,,,,,,,,,,,,
4XNVA,59,D,53,65,,,,,,,,,,,,,,,,
4XNVA,90,R,90,107,D,,,,K,,,,,,,,,,,
5XPDA,78,E,70,82,,,,,,,,,,,,,,,,
5XPDA,99,K,99,110,K,,R,,,,,,,,,,,,,
6XPDB,33,E,25,33,,,,,,,,,,,,,,,,
4XXJA,112,D,112,119,,,,,,,,,,,,,,,,
4XXJA,209,D,205,213,,,,,,,,,,,,,,,,
4XXJA,213,K,205,213,,,,D,,,,,,,,,,,,
6Y1ZA,231,D,226,234,,,,,,,,,,,,,,,,
6Y1ZA,248,K,248,256,,,E,R,,,,,,,,,,,,
6Y1ZA,293,E,283,293,,,,,,,,,,,,,,,R244,
5Y4OA,11,K,9,18,R,,,,R,,,,,,,,,,,
6Y5VA,455,E,448,458,,,,,,,,,,,,,,,,
4Y7JA,31,K,22,32,,,,,,,,,,,,,,,D35,D35
5Y78A,105,K,104,110,,,,,,,,,,E,,,,,,
5Y78A,108,E,104,110,,,,,K,,,,,,,,,,R264,
5Y78A,201,E,193,203,,,,,,,,,,,,,,,,
5Y78A,242,E,236,243,,,,,,,,,,,,,,,R62;H238,H238
6Y7FA,70,E,57,70,,,,,,,,,,,,,,,R97,
6Y7FA,109,K,103,116,,,,,,,,,,,,,,,E112,E112
6Y7FA,112,E,103,116,,,,,K,,,,,,,,,,K109;H166,K109
6Y7FA,115,D,103,116,,K,,,,,,,,,,,,,H136,
2YEVA,328,K,322,329,,,,,,,,,,,,,,,,
2YEVA,628,E,623,630,,,,,,,,,,,,,,,H739,
2YEVA,778,D,772,779,,,,,,,,,,,,,,,,
5YHLA,48,D,41,55,,,,,,,,,,,,,,,R89,
5YHLA,89,R,83,97,,,,,,,,,,,,,,,D48;D308,
5YHLA,250,R,250,266,,,D,,,,,,,,,,,,,
5YHLA,259,D,250,266,,,,,,,,,,,,,,,,
2YM0A,17,D,8,22,,,,,,,,,,,,,,,,
2YM0A,190,D,185,193,,,,,,,,,,,,,,,,
4YMSD,10,K,9,39,,D,,,,,,,,,,,,,,
4YMSD,24,K,9,39,,,,,,,,,,,,,,,,
4YMSD,60,E,54,73,,,,,,,,,,,,,,,,
4YMSD,63,R,54,73,,,,,E,,,,,,,,,,,
4YMSD,152,E,152,163,,,,,,,,,,,,,K,E,,
4YMSD,158,K,152,163,,E,,,,,,E,,,,,,,,
4YMSD,159,E,152,163,E,,,,,,K,,,,,,,,,
4YTPC,41,R,38,52,,,,,,,,,,,,,,,,
4YTPC,102,R,90,103,,,,,,,,,,,,,,,,
6YTVA,12,E,11,18,,,,,,,,R,,,,,,,,
6YTVA,13,R,11,18,,,,,,,E,,,,,,,,,
6YTVA,95,E,86,96,,,,,,,,,,,,,,,,
4YZFA,535,E,529,535,,,,,,,,,,,,,,,,
4YZFA,681,E,670,681,,,,,,,,,,,,,,,,
4YZFA,730,R,727,733,,,,,,,,,,,,,,,,
6Z0GA,26,K,16,28,,,,,,,,,,,,,,,,
5Z1FA,346,K,336,350,,,,,,,,,,,,,,,,
5Z1FA,370,K,370,379,,,R,,,,,,,,,,,,,
5Z1FA,417,K,412,429,,,,,,,,,,,,,,,,
5Z1FA,425,E,412,429,,,,,,,,,,,,,,,,
5Z1FA,428,R,412,429,,,,,,,,,,,,,,,,
5Z1FA,467,D,465,476,,,,R,,,,,,,,,,,,
5Z1FA,524,R,523,533,,,,,,,,,,,,,,,,
6Z16D,219,K,219,225,,,,,,,,,,,,,,,,
4Z34A,76,D,75,86,,,,,,,,,,,,,,,,
4Z34A,105,R,103,117,,,,,,,,,,,,D,,,,
4Z34A,110,D,103,117,,,R,,,,,,,,,,,,,
4Z34A,185,D,182,199,,,,,,,,,,,,,,,,
4Z34A,351,E,351,363,,,D,,,,,K,,,,,,,,
4Z34A,352,K,351,363,,D,,,,,E,,,,,,,,,
4Z34A,359,E,351,363,K,,,,,,,,,,,,,,,
4Z3NA,375,R,370,382,,,,,,,,,,,,,,,,
6Z3WD,108,R,103,109,,,,,,,,,,,,,,,,
4Z7FA,20,R,11,20,,,,,,,,,,,,,,,,
4Z7FA,58,D,53,61,,,,,,,,,,,,,,,,
4Z7FA,139,K,139,149,,,,,R,,,,,,,,,,,
5ZAZA,37,K,28,41,,,,,,,,,,,,,,,,
4ZR0A,124,E,116,126,,,,,,,,,,,,,,,,
4ZR0A,181,K,173,181,,,,,,,,,,,,,,,,
3ZUXA,18,K,18,27,K,,,,,,,,,,,,,,,
3ZUXA,173,K,173,181,,,,,,,,,,,,,,,,
3ZUXA,265,E,265,272,,,K,,,,,,,,,,,,,
4ZW9A,124,R,124,135,,E,,,,,,,,,,,,,,
4ZW9A,378,E,370,384,,,,,,,,,,,,,,,,