PID,Pair type,Core start,Core end,ResN1,ResN2,Step,Res1,Res2,Any saltbridge,Local saltbridge
6A2WA,Same,38,48,38,39,1,K,H,K38-E99,
6A2WA,Same,38,48,38,41,3,K,R,K38-E99;R41-E140,
6A2WA,Same,38,48,39,41,2,H,R,R41-E140,
2A65A,Opp,282,292,287,288,1,E,K,,
2A65A,Same,282,292,287,290,3,E,E,,
2A65A,Opp,282,292,288,290,2,K,E,,
3A7KA,Opp,249,257,252,256,4,D,K,R123-D252;D252-K256,D252-K256
6AB9A,Opp,18,31,18,19,1,D,H,,
6AB9A,Opp,18,31,18,28,10,D,H,,
6AB9A,Same,18,31,19,28,9,H,H,,
6AB9A,Opp,223,237,230,234,4,D,K,R94-D230;D230-K234,D230-K234
5AEXA,Same,191,201,193,198,5,H,H,,
6AK3B,Opp,287,298,287,296,9,R,D,,
4ATVA,Same,163,171,163,164,1,D,D,D163-K300,
4AVMA,Same,57,70,58,61,3,K,H,H61-E100;H61-D93,
4AVMA,Opp,57,70,58,62,4,K,E,,
4AVMA,Same,57,70,58,65,7,K,K,K65-D93,
4AVMA,Same,57,70,58,66,8,K,R,,
4AVMA,Opp,57,70,61,62,1,H,E,H61-E100;H61-D93,
4AVMA,Same,57,70,61,65,4,H,K,H61-E100;H61-D93;K65-D93,
4AVMA,Same,57,70,61,66,5,H,R,H61-E100;H61-D93,
4AVMA,Opp,57,70,61,69,8,H,E,H61-E100;H61-D93,
4AVMA,Opp,57,70,62,65,3,E,K,K65-D93,
4AVMA,Opp,57,70,62,66,4,E,R,,
4AVMA,Same,57,70,62,69,7,E,E,,
4AVMA,Same,57,70,65,66,1,K,R,K65-D93,
4AVMA,Opp,57,70,65,69,4,K,E,K65-D93,
4AVMA,Opp,57,70,66,69,3,R,E,,
4AVMA,Same,89,102,93,97,4,D,E,H61-D93;K65-D93,
4AVMA,Same,89,102,93,98,5,D,D,H61-D93;K65-D93;D98-K102,
4AVMA,Same,89,102,93,100,7,D,E,H61-E100;H61-D93;K65-D93,
4AVMA,Same,89,102,93,101,8,D,E,H61-D93;K65-D93,
4AVMA,Opp,89,102,93,102,9,D,K,H61-D93;K65-D93;D98-K102,
4AVMA,Same,89,102,97,98,1,E,D,D98-K102,
4AVMA,Same,89,102,97,100,3,E,E,H61-E100,
4AVMA,Same,89,102,97,101,4,E,E,,
4AVMA,Opp,89,102,97,102,5,E,K,D98-K102,
4AVMA,Same,89,102,98,100,2,D,E,H61-E100;D98-K102,
4AVMA,Same,89,102,98,101,3,D,E,D98-K102,
4AVMA,Opp,89,102,98,102,4,D,K,D98-K102,D98-K102
4AVMA,Same,89,102,100,101,1,E,E,H61-E100,
4AVMA,Opp,89,102,100,102,2,E,K,H61-E100;D98-K102,
4AVMA,Opp,89,102,101,102,1,E,K,D98-K102,
4AVMA,Opp,203,217,203,204,1,R,D,D204-R208,
4AVMA,Same,203,217,203,208,5,R,R,D204-R208,
4AVMA,Opp,203,217,203,209,6,R,E,E209-K212,
4AVMA,Same,203,217,203,212,9,R,K,E209-K212,
4AVMA,Opp,203,217,204,208,4,D,R,D204-R208,D204-R208
4AVMA,Same,203,217,204,209,5,D,E,D204-R208;E209-K212,
4AVMA,Opp,203,217,204,212,8,D,K,D204-R208;E209-K212,
4AVMA,Opp,203,217,208,209,1,R,E,D204-R208;E209-K212,
4AVMA,Same,203,217,208,212,4,R,K,D204-R208;E209-K212,
4AVMA,Same,203,217,208,215,7,R,H,D204-R208;H215-E219,
4AVMA,Opp,203,217,209,212,3,E,K,E209-K212,E209-K212
4AVMA,Opp,203,217,209,215,6,E,H,E209-K212;H215-E219,
4AVMA,Same,203,217,212,215,3,K,H,E209-K212;H215-E219,
5AWZA,Opp,208,221,213,217,4,D,K,D88-K217;D213-K217,D213-K217
6AWFD,Same,64,82,81,82,1,H,R,E11-H81,
3AYFA,Same,510,518,512,516,4,E,E,,
3AYMA,Same,303,312,305,310,5,K,H,,
5AYMA,Opp,14,20,15,18,3,R,D,R15-D18;R15-D128,
5AYMA,Same,155,162,156,160,4,D,E,,
6B2ZQ,Same,45,62,47,50,3,R,R,,
6B2ZQ,Same,45,62,47,52,5,R,K,,
6B2ZQ,Same,45,62,47,54,7,R,K,,
6B2ZQ,Opp,45,62,47,57,10,R,D,,
6B2ZQ,Same,45,62,50,52,2,R,K,,
6B2ZQ,Same,45,62,50,54,4,R,K,,
6B2ZQ,Opp,45,62,50,57,7,R,D,,
6B2ZQ,Opp,45,62,50,59,9,R,D,,
6B2ZQ,Same,45,62,52,54,2,K,K,,
6B2ZQ,Opp,45,62,52,57,5,K,D,,
6B2ZQ,Opp,45,62,52,59,7,K,D,,
6B2ZQ,Opp,45,62,54,57,3,K,D,,
6B2ZQ,Opp,45,62,54,59,5,K,D,,
6B2ZQ,Same,45,62,57,59,2,D,D,,
6B3JR,Opp,323,341,334,335,1,H,E,H334-E335,H334-E335
6BBJA,Opp,361,378,363,367,4,R,E,D360-R363,
7BP3A,Opp,272,282,276,280,4,D,R,D276-R280,D276-R280
2BS2C,Opp,172,187,180,182,2,E,H,,
2BS2C,Same,211,227,211,213,2,K,K,,
6BTMF,Opp,398,404,401,404,3,H,D,H401-D404,
6BUGC,Same,241,259,245,249,4,D,D,,
4BWZA,Same,53,67,54,57,3,E,E,,
4BWZA,Same,53,67,54,61,7,E,E,,
4BWZA,Same,53,67,57,61,4,E,E,,
4BWZA,Same,154,160,156,157,1,D,D,D156-K305,
4BWZA,Opp,327,334,331,333,2,R,E,,
7BW1A,Same,81,91,86,89,3,H,H,H86-E196;H86-E193,
7BW1A,Same,81,91,86,90,4,H,R,H86-E196;H86-E193;R90-D160;R90-E193,
7BW1A,Same,81,91,89,90,1,H,R,R90-D160;R90-E193,
7BXUA,Opp,156,162,156,161,5,E,H,,
5C2TC,Same,38,54,42,43,1,H,R,,
5C2TC,Same,91,105,98,104,6,H,R,,
5C2TD,Opp,34,47,35,36,1,E,R,,
5C2TD,Same,62,78,68,70,2,H,H,,
6C3IA,Same,80,93,80,87,7,E,D,E80-R308;D87-R309,
6C3IA,Same,80,93,80,90,10,E,E,E80-R308,
6C3IA,Same,80,93,87,90,3,D,E,D87-R309,
5C6PA,Same,144,151,149,150,1,H,R,,
5C8JI,Opp,143,154,143,148,5,K,D,,
5C8JI,Same,143,154,143,151,8,K,H,,
5C8JI,Opp,143,154,148,151,3,D,H,,
4CADC,Same,133,141,140,141,1,E,E,E140-H227;E141-R145,
7CALA,Same,47,57,47,57,10,D,D,D57-R129,
7CALA,Same,117,133,117,123,6,R,R,,
7CALA,Same,117,133,117,126,9,R,R,,
7CALA,Same,117,133,123,126,3,R,R,,
7CALA,Same,117,133,123,128,5,R,R,,
7CALA,Same,117,133,123,129,6,R,R,D57-R129,
7CALA,Same,117,133,126,128,2,R,R,,
7CALA,Same,117,133,126,129,3,R,R,D57-R129,
7CALA,Same,117,133,128,129,1,R,R,D57-R129,
7CALA,Same,149,163,149,152,3,R,K,E138-R149,
7CALA,Same,149,163,152,162,10,K,H,,
6CC4A,Same,149,157,153,154,1,R,R,R153-E158,
4CFGA,Same,84,97,90,91,1,K,K,,
4CFGA,Same,84,97,90,92,2,K,K,,
4CFGA,Opp,84,97,90,94,4,K,E,,
4CFGA,Same,84,97,91,92,1,K,K,,
4CFGA,Opp,84,97,91,94,3,K,E,,
4CFGA,Opp,84,97,92,94,2,K,E,,
6CFWG,Opp,35,41,37,41,4,D,H,,
6CFWM,Opp,16,30,28,29,1,D,R,D28-R285;R29-D49,
6CFWM,Opp,16,30,28,30,2,D,K,D28-R285,
6CFWM,Same,16,30,29,30,1,R,K,R29-D49,
6CFWM,Same,192,201,199,201,2,E,E,R140-E201;R140-E199,
6CFWM,Opp,234,241,234,237,3,E,K,D111-K237,
6CFWM,Same,234,241,234,238,4,E,E,E238-K281,
6CFWM,Opp,234,241,237,238,1,K,E,D111-K237;E238-K281,
6CJQA,Same,100,109,102,105,3,R,K,D48-K105;D75-K105;D83-R102,
6CNMA,Same,146,156,150,156,6,R,R,E102-R156,
6CQ6A,Opp,231,257,252,255,3,D,R,,
6CSEM,Opp,256,264,256,262,6,R,E,R256-D400,
6D0JA,Opp,10,35,25,30,5,D,K,,
2D2CA,Same,95,105,100,103,3,H,R,,
3D31C,Opp,124,134,125,132,7,D,H,H132-E234,
4D6TJ,Opp,22,32,30,31,1,E,R,,
6DD9A,Opp,106,121,111,113,2,E,K,,
6DD9A,Opp,106,121,111,114,3,E,K,K114-E115,
6DD9A,Same,106,121,111,115,4,E,E,K114-E115,
6DD9A,Opp,106,121,111,121,10,E,K,,
6DD9A,Same,106,121,113,114,1,K,K,K114-E115,
6DD9A,Opp,106,121,113,115,2,K,E,K114-E115,
6DD9A,Same,106,121,113,121,8,K,K,,
6DD9A,Opp,106,121,114,115,1,K,E,K114-E115,K114-E115
6DD9A,Same,106,121,114,121,7,K,K,K114-E115,
6DD9A,Opp,106,121,115,121,6,E,K,K114-E115,
4DJIA,Opp,299,315,304,314,10,E,R,,
5DO7A,Opp,508,519,510,514,4,H,E,R389-E514,
5DO7B,Opp,421,428,422,425,3,H,E,H422-E505;H422-D468,
5DO7B,Opp,504,510,505,506,1,E,H,H422-E505;K472-E505;E505-R545,
6DRKA,Opp,916,925,918,925,7,D,R,D886-R925,
3DTUA,Same,21,48,26,27,1,H,K,,
3DTUA,Opp,21,48,26,28,2,H,D,R19-D28,
3DTUA,Opp,21,48,27,28,1,K,D,R19-D28,
3DTUA,Opp,283,297,284,286,2,H,E,,
3DTUA,Same,454,468,454,456,2,K,H,,
4DVEA,Opp,172,178,173,176,3,D,K,D173-K176,
5DWYA,Opp,39,56,42,46,4,K,D,K42-D46,K42-D46
5DWYA,Same,39,56,42,50,8,K,R,K42-D46,
5DWYA,Opp,39,56,46,50,4,D,R,K42-D46,
5DWYA,Opp,39,56,46,53,7,D,K,K42-D46,
5DWYA,Same,39,56,50,53,3,R,K,,
4DXWA,Opp,42,51,42,45,3,E,H,,
4DXWA,Same,42,51,42,48,6,E,D,D48-R111,
4DXWA,Opp,42,51,45,48,3,H,D,D48-R111,
6DZ7B,Opp,603,616,606,607,1,E,H,,
6DZ7B,Opp,603,616,606,613,7,E,R,,
6DZ7B,Same,603,616,607,613,6,H,R,,
5E1JA,Same,533,540,537,540,3,R,R,E478-R537,
6E8JA,Opp,13,26,23,24,1,D,R,R24-E111,
6E8JA,Opp,104,114,104,111,7,R,E,R24-E111,
6E9NA,Opp,10,21,20,21,1,D,R,,
6E9NA,Opp,100,109,100,107,7,R,E,,
5EDLA,Same,67,77,68,75,7,E,E,,
6EDQA,Opp,224,233,229,233,4,D,K,,
3EGWC,Same,53,68,56,66,10,H,H,,
3EH3A,Opp,393,420,393,398,5,R,D,,
5EIKA,Same,109,121,114,121,7,K,K,,
5EIKA,Same,154,165,154,162,8,K,K,D37-K162,
5EIKA,Opp,154,165,162,165,3,K,E,D37-K162;E165-R169,
5EK0A,Same,129,137,131,134,3,R,R,E50-R131,
5EK0A,Same,129,137,131,137,6,R,R,E50-R131;E76-R137;D97-R137,
5EK0A,Same,129,137,134,137,3,R,R,E76-R137;D97-R137,
6EL1O,Opp,188,197,190,191,1,K,D,D187-K190,
6EL1O,Opp,188,197,190,197,7,K,E,D187-K190,
6EL1O,Same,188,197,191,197,6,D,E,,
6EL1O,Opp,212,225,213,217,4,K,E,,
6EL1O,Same,212,225,213,220,7,K,K,,
6EL1O,Same,212,225,213,221,8,K,K,,
6EL1O,Opp,212,225,217,220,3,E,K,,
6EL1O,Opp,212,225,217,221,4,E,K,,
6EL1O,Same,212,225,220,221,1,K,K,,
6F0KF,Opp,315,324,321,324,3,H,D,H290-D324,
6F36M,Same,137,165,137,144,7,R,R,R137-E214,
6F36M,Same,137,165,144,153,9,R,H,E77-H153,
6F36M,Same,137,165,153,157,4,H,H,E77-H153,
6F36N,Opp,12,22,19,21,2,R,D,D21-K25,
4F4CA,Same,745,767,746,748,2,H,R,,
4F4CA,Same,745,767,746,750,4,H,H,H750-D828,
4F4CA,Same,745,767,748,750,2,R,H,H750-D828,
4F4CA,Same,908,918,916,918,2,R,R,D212-R918,
2F93A,Opp,197,208,200,204,4,D,K,D74-K204,
1FFTA,Opp,284,290,284,286,2,H,E,,
6FFCA,Opp,440,459,440,444,4,K,D,K440-D444,K440-D444
6FFCA,Same,440,459,440,449,9,K,R,K440-D444,
6FFCA,Opp,440,459,444,449,5,D,R,K440-D444,
6FJ3A,Same,147,156,149,151,2,H,H,H149-E228,
6FMXA,Opp,81,91,88,89,1,D,R,,
6FOS2,Same,14,25,15,16,1,K,H,,
6FOS2,Same,14,25,15,18,3,K,R,,
6FOS2,Same,14,25,16,18,2,H,R,,
6FV6A,Opp,85,100,98,99,1,K,D,,
6FV6A,Opp,230,244,234,235,1,E,R,E234-K365,
6FV6A,Opp,262,277,265,267,2,R,E,,
6FV6A,Opp,404,415,409,413,4,E,R,,
6G2JY,Same,54,64,54,57,3,R,R,,
3G6BA,Opp,90,101,91,92,1,R,E,,
4G7VS,Opp,137,151,139,145,6,E,R,,
4G7VS,Opp,137,151,139,148,9,E,R,,
4G7VS,Same,137,151,145,148,3,R,R,,
4G7VS,Same,137,151,145,151,6,R,R,D108-R151,
4G7VS,Same,137,151,148,151,3,R,R,D108-R151,
6G72L,Same,223,232,223,230,7,K,H,,
6G72L,Same,454,460,455,456,1,K,R,,
6G94A,Same,46,65,47,50,3,R,H,,
5GARN,Same,556,574,557,561,4,H,H,,
5GARN,Same,556,574,557,563,6,H,R,,
5GARN,Same,556,574,561,563,2,H,R,,
6GCS5,Opp,384,398,396,397,1,K,D,,
6GCTA,Same,54,70,56,59,3,R,R,R59-E402,
6GCTA,Same,266,284,271,274,3,H,H,,
6GCTA,Same,414,431,418,422,4,D,D,,
6GCTA,Opp,414,431,418,423,5,D,R,,
6GCTA,Opp,414,431,422,423,1,D,R,,
6GCTA,Same,414,431,422,431,9,D,E,,
6GCTA,Opp,414,431,423,431,8,R,E,,
6GJEB,Same,52,66,52,55,3,D,E,,
6GJEB,Opp,52,66,52,57,5,D,K,,
6GJEB,Opp,52,66,55,57,2,E,K,,
5GLIA,Opp,61,74,63,66,3,D,H,,
5GLIA,Opp,187,202,189,190,1,K,D,K189-D190;D190-R259,K189-D190
5GLIA,Same,358,370,366,369,3,H,R,D300-R369,
6GPSA,Same,201,214,201,205,4,H,R,,
6GPSA,Opp,341,353,341,347,6,E,H,,
6GS1A,Same,14,21,14,17,3,E,E,E17-R18,
6GS1A,Opp,14,21,14,18,4,E,R,E17-R18,
6GS1A,Opp,14,21,17,18,1,E,R,E17-R18,E17-R18
5GUWB,Opp,198,208,198,202,4,H,E,H198-E202;H198-E271;E202-H249;E202-H250,H198-E202
5GUWB,Opp,198,208,198,206,8,H,E,H198-E202;H198-E271,
5GUWB,Same,198,208,202,206,4,E,E,H198-E202;E202-H249;E202-H250,
5GXBA,Same,314,323,314,317,3,K,H,H317-E320,
5GXBA,Opp,314,323,314,320,6,K,E,H317-E320,
5GXBA,Opp,314,323,317,320,3,H,E,H317-E320,H317-E320
5GYRA,Opp,16,26,17,25,8,E,K,,
6GY6B,Opp,187,202,188,189,1,K,D,D185-K188,
6GY6B,Same,187,202,188,195,7,K,K,D185-K188,
6GY6B,Opp,187,202,188,196,8,K,D,D185-K188,
6GY6B,Opp,187,202,188,198,10,K,D,D185-K188,
6GY6B,Opp,187,202,189,195,6,D,K,,
6GY6B,Same,187,202,189,196,7,D,D,,
6GY6B,Same,187,202,189,198,9,D,D,,
6GY6B,Opp,187,202,195,196,1,K,D,,
6GY6B,Opp,187,202,195,198,3,K,D,,
6GY6B,Opp,187,202,195,201,6,K,D,,
6GY6B,Same,187,202,196,198,2,D,D,,
6GY6B,Same,187,202,196,201,5,D,D,,
6GY6B,Same,187,202,198,201,3,D,D,,
6GY6B,Opp,215,227,215,219,4,K,E,E219-R222,
6GY6B,Same,215,227,215,222,7,K,R,E219-R222,
6GY6B,Same,215,227,215,223,8,K,K,,
6GY6B,Opp,215,227,219,222,3,E,R,E219-R222,E219-R222
6GY6B,Opp,215,227,219,223,4,E,K,E219-R222,
6GY6B,Opp,215,227,219,227,8,E,K,E219-R222;K227-E230,
6GY6B,Same,215,227,222,223,1,R,K,E219-R222,
6GY6B,Same,215,227,222,227,5,R,K,E219-R222;K227-E230,
6GY6B,Same,215,227,223,227,4,K,K,K227-E230,
5H3OA,Same,99,110,103,107,4,D,D,R37-D103;D103-R175;D107-R175;D107-R178,
5H3OA,Same,174,181,175,178,3,R,R,D103-R175;D107-R175;D107-R178,
5H3OA,Same,174,181,175,181,6,R,R,D103-R175;D107-R175;D113-R181,
5H3OA,Same,174,181,178,181,3,R,R,D107-R178;D113-R181,
6H5AA,Opp,151,157,151,152,1,E,R,,
1HBWA,Opp,15,31,16,25,9,E,R,,
1HBWA,Same,15,31,16,26,10,E,E,,
1HBWA,Opp,15,31,25,26,1,R,E,,
1HBWA,Opp,15,31,25,27,2,R,D,,
1HBWA,Opp,15,31,25,29,4,R,D,D29-K33,
1HBWA,Same,15,31,26,27,1,E,D,,
1HBWA,Same,15,31,26,29,3,E,D,D29-K33,
1HBWA,Same,15,31,27,29,2,D,D,D29-K33,
6HD8B,Same,90,108,102,106,4,K,R,D51-R106,
4HUQT,Same,81,96,81,84,3,K,R,,
6HUMC,Same,72,78,73,75,2,D,E,,
6HUMD,Same,220,229,220,227,7,K,H,,
6HUMB,Same,210,219,210,217,7,K,H,,
6HUMF,Opp,408,421,415,416,1,K,D,,
6HUMF,Opp,408,421,415,417,2,K,E,,
6HUMF,Same,408,421,416,417,1,D,E,,
4HW9A,Same,54,68,64,66,2,R,K,,
4HWAA,Same,60,74,66,74,8,R,R,,
4HYJA,Opp,114,126,114,119,5,K,D,,
4HYJA,Opp,217,229,221,225,4,D,K,D85-K225,
6I1RA,Opp,40,47,42,45,3,E,K,E42-K45,E42-K45
6I6HA,Opp,8,20,9,12,3,D,H,,
6IBBA,Same,90,104,90,94,4,R,H,,
6IBBA,Same,229,243,240,243,3,H,R,,
6IIUA,Opp,438,449,438,447,9,R,D,,
6IJJL,Same,7,23,12,20,8,R,R,R12-E23,
6IJJL,Opp,7,23,20,23,3,R,E,R12-E23,
4IKVA,Same,31,42,32,35,3,E,E,E35-R36,
4IKVA,Opp,31,42,32,36,4,E,R,E35-R36,
4IKVA,Opp,31,42,35,36,1,E,R,E35-R36,E35-R36
4IL3A,Same,365,380,369,375,6,D,E,K84-D369;H317-E375,
6IRSB,Opp,86,98,86,91,5,E,R,K82-E86,
6IRSB,Opp,148,159,148,154,6,D,K,,
6IXGA,Opp,10,21,10,11,1,E,K,,
6IXGA,Same,10,21,10,17,7,E,D,,
6IXGA,Same,10,21,10,18,8,E,D,D18-R21;D18-R22,
6IXGA,Opp,10,21,11,17,6,K,D,,
6IXGA,Opp,10,21,11,18,7,K,D,D18-R21;D18-R22,
6IXGA,Same,10,21,11,21,10,K,R,D18-R21;R21-E25,
6IXGA,Same,10,21,17,18,1,D,D,D18-R21;D18-R22,
6IXGA,Opp,10,21,17,21,4,D,R,D18-R21;R21-E25,
6IXGA,Opp,10,21,18,21,3,D,R,D18-R21;D18-R22;R21-E25,D18-R21
6IXGA,Opp,197,210,200,202,2,K,E,,
6IXGA,Same,197,210,200,204,4,K,K,,
6IXGA,Same,197,210,200,208,8,K,K,,
6IXGA,Opp,197,210,202,204,2,E,K,,
6IXGA,Opp,197,210,202,208,6,E,K,,
6IXGA,Same,197,210,204,208,4,K,K,,
6IYUA,Opp,50,64,55,64,9,H,D,E34-H55;H55-E160,
6IYUA,Same,104,126,109,116,7,K,K,,
6IYUA,Opp,104,126,109,117,8,K,E,E117-R120,
6IYUA,Opp,104,126,116,117,1,K,E,E117-R120,
6IYUA,Same,104,126,116,120,4,K,R,E117-R120,
6IYUA,Same,104,126,116,122,6,K,R,,
6IYUA,Same,104,126,116,123,7,K,K,,
6IYUA,Opp,104,126,117,120,3,E,R,E117-R120,E117-R120
6IYUA,Opp,104,126,117,122,5,E,R,E117-R120,
6IYUA,Opp,104,126,117,123,6,E,K,E117-R120,
6IYUA,Same,104,126,120,122,2,R,R,E117-R120,
6IYUA,Same,104,126,120,123,3,R,K,E117-R120,
6IYUA,Same,104,126,122,123,1,R,K,,
4J05A,Same,47,56,47,50,3,D,D,,
2J58A,Opp,340,349,345,346,1,H,D,H345-D346;H345-E349,H345-D346
2J58A,Opp,340,349,345,349,4,H,E,H345-D346;H345-E349,H345-E349
2J58A,Same,340,349,346,349,3,D,E,H345-D346;H345-E349,
3J9PD,Same,420,442,423,427,4,K,R,,
3JAVA,Same,2328,2341,2329,2331,2,K,H,,
3JAVA,Same,2328,2341,2329,2334,5,K,R,,
3JAVA,Same,2328,2341,2331,2334,3,H,R,,
3JAVA,Opp,2413,2423,2419,2423,4,D,R,,
6JBJA,Opp,77,90,85,88,3,K,D,K85-D88,K85-D88
6JD2A,Opp,199,209,205,209,4,K,D,K205-D209,K205-D209
6JD2A,Same,228,237,231,234,3,E,E,E234-R237,
6JD2A,Opp,228,237,231,237,6,E,R,E234-R237;R237-E241,
6JD2A,Opp,228,237,234,237,3,E,R,E234-R237;R237-E241,E234-R237
6JD2A,Opp,303,317,303,306,3,R,E,,
6JD2A,Opp,303,317,303,312,9,R,E,,
6JD2A,Same,303,317,306,312,6,E,E,,
6JD2A,Opp,303,317,306,315,9,E,K,,
6JD2A,Opp,303,317,312,315,3,E,K,,
6JD2A,Same,303,317,312,317,5,E,E,,
6JD2A,Opp,303,317,315,317,2,K,E,,
7JJPA,Opp,29,43,32,41,9,R,E,R32-E168,
5JSIA,Opp,193,205,195,199,4,D,K,R68-D195,
3K07A,Same,352,359,352,353,1,E,E,K349-E352,
4K1CA,Opp,301,308,307,308,1,E,H,,
3K3FA,Opp,186,203,186,190,4,K,E,E182-K186;K186-D195,
3K3FA,Opp,186,203,186,195,9,K,D,E182-K186;K186-D195,K186-D195
3K3FA,Same,186,203,190,195,5,E,D,K186-D195,
2K73A,Opp,46,57,47,48,1,E,R,E26-R48,
2K73A,Opp,78,90,83,90,7,R,E,,
5K7LA,Same,245,255,245,249,4,D,D,D245-R321;D249-R321;D249-R324,
5K7LA,Same,245,255,245,255,10,D,D,D245-R321;D255-R327,
5K7LA,Same,245,255,249,255,6,D,D,D249-R321;D249-R324;D255-R327,
5K7LA,Same,288,299,290,298,8,D,D,D290-R327,
5K7LA,Same,316,328,318,321,3,K,R,D245-R321;D249-R321,
5K7LA,Same,316,328,318,324,6,K,R,D249-R324,
5K7LA,Same,316,328,318,327,9,K,R,D255-R327;D290-R327,
5K7LA,Same,316,328,321,324,3,R,R,D245-R321;D249-R321;D249-R324,
5K7LA,Same,316,328,321,327,6,R,R,D245-R321;D249-R321;D255-R327;D290-R327,
5K7LA,Same,316,328,324,327,3,R,R,D249-R324;D255-R327;D290-R327,
2K9PA,Same,53,70,64,70,6,H,K,,
5KC0A,Opp,56,64,61,62,1,K,D,E39-K61;K61-D62,K61-D62
5KC0A,Opp,147,155,151,155,4,K,D,D36-K151;E39-K151,
6KKIA,Same,99,108,99,106,7,R,H,E20-H106,
4KNFA,Opp,228,236,229,233,4,D,K,R95-D229;D229-K233,D229-K233
5KO2A,Opp,799,812,810,812,2,E,K,,
4KPPA,Same,250,259,255,258,3,E,E,,
1KQFC,Same,160,170,164,169,5,H,H,,
6KSWC,Same,199,219,214,215,1,R,K,D46-K215,
5L22B,Same,60,73,71,73,2,R,K,R71-D130,
5L22B,Same,230,242,237,240,3,R,R,,
5L22B,Opp,273,285,274,280,6,R,D,,
6L3TA,Opp,144,156,147,156,9,E,H,R31-E147,
5L75G,Opp,48,69,57,58,1,K,D,,
6L85A,Opp,251,258,254,258,4,H,D,D22-H254;E49-H254;H254-D258,H254-D258
2LCKA,Same,76,94,76,84,8,R,R,D16-R76,
2LCKA,Opp,76,94,84,89,5,R,D,,
2LCKA,Same,76,94,84,92,8,R,K,,
2LCKA,Opp,76,94,89,92,3,D,K,,
2LCKA,Opp,172,184,173,181,8,R,E,,
5LKIA,Opp,2151,2165,2158,2165,7,R,D,,
5LKIA,Same,2183,2194,2185,2192,7,E,E,,
6LKNA,Same,38,49,38,39,1,R,R,E35-R38;R39-E258;R39-E337,
6LLEA,Opp,971,981,971,980,9,K,D,R761-D980;R835-D980,
6LLEA,Opp,971,981,971,981,10,K,E,,
6LLEA,Same,971,981,980,981,1,D,E,R761-D980;R835-D980,
2LOQA,Opp,16,41,17,20,3,D,R,,
6LUMC,Same,64,81,73,79,6,H,R,,
6LW5A,Same,204,221,204,207,3,K,H,,
6LW5A,Opp,204,221,204,211,7,K,D,D211-R306,
6LW5A,Opp,204,221,207,211,4,H,D,D211-R306,
6LW5A,Same,306,320,306,310,4,R,R,D211-R306,
5LX9A,Same,253,267,255,265,10,H,H,,
5LX9A,Same,253,267,265,267,2,H,H,,
6LYPA,Opp,7,16,7,10,3,D,R,,
6LYPA,Same,39,57,53,55,2,R,K,,
2M0QA,Same,89,98,90,91,1,E,D,,
2M0QA,Same,89,98,90,94,4,E,E,,
2M0QA,Opp,89,98,90,95,5,E,K,,
2M0QA,Opp,89,98,90,97,7,E,K,,
2M0QA,Same,89,98,91,94,3,D,E,,
2M0QA,Opp,89,98,91,95,4,D,K,,
2M0QA,Opp,89,98,91,97,6,D,K,,
2M0QA,Opp,89,98,94,95,1,E,K,,
2M0QA,Opp,89,98,94,97,3,E,K,,
2M0QA,Same,89,98,95,97,2,K,K,,
6M04A,Same,311,325,314,317,3,K,K,,
4M58A,Opp,189,200,190,198,8,H,E,,
4M64B,Opp,18,29,18,19,1,K,D,,
4M64B,Opp,48,57,52,55,3,R,D,,
5M87A,Same,106,120,107,114,7,E,D,E107-R356;D114-R357;D114-R361,
5M87A,Same,106,120,107,117,10,E,E,E107-R356,
5M87A,Same,106,120,114,117,3,D,E,D114-R357;D114-R361,
4MESA,Same,107,119,115,119,4,K,H,E32-K115;E78-H119,
5MG3E,Opp,49,57,50,55,5,D,R,D50-R55,D50-R55
5MG3F,Opp,160,170,166,167,1,H,D,H166-D167,H166-D167
6MGVA,Same,373,390,373,377,4,R,H,,
6MGVA,Same,516,536,521,529,8,D,E,E529-R570,
6MGVA,Opp,516,536,529,534,5,E,K,E529-R570,
6MGVA,Opp,565,581,568,570,2,E,R,E529-R570,
6MGVA,Same,658,670,667,668,1,H,H,,
5MKEA,Same,263,277,276,277,1,E,E,,
4MNDA,Same,412,419,412,413,1,D,E,,
4MNDA,Opp,412,419,412,414,2,D,R,D354-R414,
4MNDA,Opp,412,419,413,414,1,E,R,D354-R414,
4MRNA,Opp,91,101,91,98,7,R,D,D98-R101,
4MRNA,Same,91,101,91,101,10,R,R,D98-R101,
4MRNA,Opp,91,101,98,101,3,D,R,D98-R101,D98-R101
4MRNA,Opp,309,318,313,316,3,R,D,,
6MRTA,Same,12,30,14,18,4,D,D,,
6MRTA,Opp,12,30,14,22,8,D,K,,
6MRTA,Opp,12,30,18,22,4,D,K,,
6MRTA,Same,12,30,18,25,7,D,D,,
6MRTA,Opp,12,30,22,25,3,K,D,,
6MRTA,Same,167,177,167,168,1,R,K,R167-E197,
6MRTA,Opp,167,177,167,169,2,R,E,R167-E197,
6MRTA,Opp,167,177,168,169,1,K,E,,
6MRTA,Opp,189,199,197,199,2,E,K,R167-E197,
6N40A,Opp,707,722,715,720,5,D,R,,
5N6HA,Opp,122,136,131,134,3,E,R,E131-R134,E131-R134
6NC6A,Same,44,53,49,50,1,R,K,,
5NF8A,Opp,12,22,12,13,1,E,R,,
5NF8A,Same,12,22,12,14,2,E,D,,
5NF8A,Same,12,22,12,16,4,E,D,D16-R23,
5NF8A,Same,12,22,12,17,5,E,D,,
5NF8A,Same,12,22,12,22,10,E,E,,
5NF8A,Opp,12,22,13,14,1,R,D,,
5NF8A,Opp,12,22,13,16,3,R,D,D16-R23,
5NF8A,Opp,12,22,13,17,4,R,D,,
5NF8A,Opp,12,22,13,22,9,R,E,,
5NF8A,Same,12,22,14,16,2,D,D,D16-R23,
5NF8A,Same,12,22,14,17,3,D,D,,
5NF8A,Same,12,22,14,22,8,D,E,,
5NF8A,Same,12,22,16,17,1,D,D,D16-R23,
5NF8A,Same,12,22,16,22,6,D,E,D16-R23,
5NF8A,Same,12,22,17,22,5,D,E,,
5NF8A,Opp,94,102,95,96,1,K,E,,
5NF8A,Opp,94,102,95,97,2,K,E,,
5NF8A,Same,94,102,95,100,5,K,K,,
5NF8A,Opp,94,102,95,101,6,K,E,,
5NF8A,Same,94,102,95,102,7,K,K,,
5NF8A,Same,94,102,96,97,1,E,E,,
5NF8A,Opp,94,102,96,100,4,E,K,,
5NF8A,Same,94,102,96,101,5,E,E,,
5NF8A,Opp,94,102,96,102,6,E,K,,
5NF8A,Opp,94,102,97,100,3,E,K,,
5NF8A,Same,94,102,97,101,4,E,E,,
5NF8A,Opp,94,102,97,102,5,E,K,,
5NF8A,Opp,94,102,100,101,1,K,E,,
5NF8A,Same,94,102,100,102,2,K,K,,
5NF8A,Opp,94,102,101,102,1,E,K,,
5NF8A,Same,136,142,137,139,2,E,E,,
5NF8A,Same,136,142,137,140,3,E,E,,
5NF8A,Same,136,142,137,141,4,E,E,,
5NF8A,Same,136,142,139,140,1,E,E,,
5NF8A,Same,136,142,139,141,2,E,E,,
5NF8A,Same,136,142,140,141,1,E,E,,
6NF4A,Same,120,129,122,125,3,H,H,D97-H122,
6NF4A,Opp,217,227,222,224,2,E,H,,
6NF4A,Opp,377,385,384,385,1,E,K,E384-R527,
5NL2A,Opp,555,563,555,562,7,E,R,,
5NL2A,Opp,647,659,654,659,5,E,K,,
4NTJA,Opp,73,85,73,79,6,K,D,,
4NTJA,Same,357,372,368,371,3,H,R,,
5NV9A,Same,120,131,128,131,3,H,R,,
6NWDA,Opp,220,234,223,227,4,D,K,D223-K227,D223-K227
3NYMA,Opp,60,70,60,62,2,D,K,,
3NYMA,Same,60,70,60,66,6,D,D,,
3NYMA,Same,60,70,60,69,9,D,E,,
3NYMA,Opp,60,70,62,66,4,K,D,,
3NYMA,Opp,60,70,62,69,7,K,E,,
3NYMA,Same,60,70,66,69,3,D,E,,
4O6MA,Opp,330,340,330,332,2,D,R,D271-R332,
4O6YA,Opp,166,179,178,179,1,E,K,,
6O84A,Same,552,562,559,561,2,R,H,D401-H561,
2OARA,Opp,47,65,56,59,3,K,D,,
6OB6A,Opp,303,311,303,307,4,D,R,,
5OC9A,Opp,353,363,358,362,4,E,R,,
5OC9A,Same,587,594,587,593,6,H,K,E586-H587,
4OH3A,Same,28,47,33,36,3,E,E,E33-R37,
4OH3A,Opp,28,47,33,37,4,E,R,E33-R37,E33-R37
4OH3A,Opp,28,47,36,37,1,E,R,E33-R37,
4OH3A,Opp,379,397,392,393,1,D,R,,
4OH3A,Opp,379,397,392,397,5,D,R,,
4OH3A,Same,379,397,393,397,4,R,R,,
6OH4A,Opp,35,43,38,41,3,E,K,E38-K41,E38-K41
6OHTA,Opp,60,74,70,74,4,H,E,H70-E74,H70-E74
6OLYA,Opp,54,74,69,70,1,E,R,,
6OLYA,Same,54,74,69,73,4,E,E,,
6OLYA,Opp,54,74,70,73,3,R,E,,
5OQKA,Same,35,45,40,44,4,E,D,,
5OQKA,Same,122,130,126,129,3,R,R,D33-R126;D95-R129,
5OQTA,Same,107,120,109,113,4,D,E,,
3ORGA,Opp,123,129,123,128,5,E,H,,
6OWXA,Opp,52,58,52,57,5,E,K,,
6P25B,Same,229,236,229,233,4,H,R,D211-R233,
6P2JA,Opp,340,346,344,345,1,H,E,,
4P6VB,Opp,146,155,154,155,1,K,E,E107-K154,
6PE4A,Opp,719,752,719,727,8,E,H,,
6PE4A,Same,719,752,727,733,6,H,R,,
6PE4A,Same,719,752,733,741,8,R,H,H741-E787,
6PE4A,Opp,767,802,787,794,7,E,H,H741-E787,
6PE4A,Opp,767,802,787,797,10,E,R,H741-E787;R797-E802,
6PE4A,Same,767,802,794,797,3,H,R,R797-E802,
6PE4A,Same,767,802,794,799,5,H,H,,
6PE4A,Opp,767,802,794,802,8,H,E,R797-E802,
6PE4A,Same,767,802,797,799,2,R,H,R797-E802,
6PE4A,Opp,767,802,797,802,5,R,E,R797-E802,R797-E802
6PE4A,Opp,767,802,799,802,3,H,E,R797-E802,
3PJZA,Opp,460,470,468,470,2,R,E,K357-E470;R360-E470,
6PUOA,Same,778,788,787,788,1,E,E,E787-H1034,
6PUOA,Opp,814,827,815,817,2,K,D,,
6PUOA,Opp,845,857,847,854,7,D,R,,
6PUOA,Opp,845,857,847,857,10,D,H,,
6PUOA,Same,845,857,854,857,3,R,H,,
6PUOA,Opp,877,895,877,878,1,K,D,,
1PW4A,Same,34,46,44,45,1,R,K,K45-D273,
1PW4A,Opp,261,274,268,273,5,R,D,K45-D273,
6PW4A,Opp,624,642,624,625,1,K,D,D625-R628,
6PW4A,Same,624,642,624,628,4,K,R,D625-R628,
6PW4A,Opp,624,642,625,628,3,D,R,D625-R628,D625-R628
4Q2EA,Same,229,241,235,239,4,D,D,K187-D239,
4Q2EA,Opp,266,279,266,267,1,D,R,,
4Q2EA,Same,266,279,266,269,3,D,D,,
4Q2EA,Opp,266,279,267,269,2,R,D,,
4Q4AA,Same,28,40,35,39,4,E,D,E35-R146;D39-R146,
2Q7MA,Same,88,98,94,96,2,R,K,,
2Q7MA,Same,115,123,116,117,1,K,R,,
3Q7KA,Opp,154,174,154,155,1,D,H,D154-H158,
3Q7KA,Opp,154,174,154,156,2,D,K,D154-H158;K156-E208,
3Q7KA,Opp,154,174,154,158,4,D,H,D154-H158,D154-H158
3Q7KA,Opp,154,174,154,159,5,D,H,D154-H158;H159-E208,
3Q7KA,Same,154,174,154,163,9,D,E,D154-H158,
3Q7KA,Same,154,174,155,156,1,H,K,K156-E208,
3Q7KA,Same,154,174,155,158,3,H,H,D154-H158,
3Q7KA,Same,154,174,155,159,4,H,H,H159-E208,
3Q7KA,Opp,154,174,155,163,8,H,E,,
3Q7KA,Same,154,174,156,158,2,K,H,D154-H158;K156-E208,
3Q7KA,Same,154,174,156,159,3,K,H,K156-E208;H159-E208,
3Q7KA,Opp,154,174,156,163,7,K,E,K156-E208,
3Q7KA,Same,154,174,158,159,1,H,H,D154-H158;H159-E208,
3Q7KA,Opp,154,174,158,163,5,H,E,D154-H158,
3Q7KA,Opp,154,174,159,163,4,H,E,H159-E208,
1QLEC,Opp,253,259,255,258,3,H,D,,
6QU1A,Same,219,232,219,222,3,K,K,K222-E225,
6QU1A,Same,219,232,219,223,4,K,H,,
6QU1A,Opp,219,232,219,225,6,K,E,K222-E225,
6QU1A,Same,219,232,219,226,7,K,H,,
6QU1A,Same,219,232,219,229,10,K,R,,
6QU1A,Same,219,232,222,223,1,K,H,K222-E225,
6QU1A,Opp,219,232,222,225,3,K,E,K222-E225,K222-E225
6QU1A,Same,219,232,222,226,4,K,H,K222-E225,
6QU1A,Same,219,232,222,229,7,K,R,K222-E225,
6QU1A,Opp,219,232,223,225,2,H,E,K222-E225,
6QU1A,Same,219,232,223,226,3,H,H,,
6QU1A,Same,219,232,223,229,6,H,R,,
6QU1A,Opp,219,232,225,226,1,E,H,K222-E225,
6QU1A,Opp,219,232,225,229,4,E,R,K222-E225,
6QU1A,Same,219,232,226,229,3,H,R,,
6QU1A,Same,250,262,255,256,1,H,R,,
6QU1A,Same,250,262,255,259,4,H,K,,
6QU1A,Same,250,262,256,259,3,R,K,,
6QUZB,Opp,285,294,287,291,4,R,E,,
6R3QA,Same,189,198,192,196,4,H,H,,
6R7DA,Same,89,97,95,97,2,R,R,,
6RAGA,Same,72,81,74,77,3,R,H,,
6RD43,Opp,12,20,12,16,4,K,E,,
6RD43,Opp,12,20,12,17,5,K,E,,
6RD43,Same,12,20,16,17,1,E,E,,
3RKOL,Opp,391,402,399,400,1,K,D,,
3RKOL,Opp,391,402,399,401,2,K,E,,
3RKOL,Same,391,402,400,401,1,D,E,,
6RKOB,Same,18,32,25,28,3,D,D,D25-R99,
6RKOA,Same,98,106,98,106,8,E,E,,
6RKOA,Same,180,192,182,185,3,K,H,H185-D238,
6ROJA,Opp,40,52,40,43,3,E,K,E40-K43,E40-K43
6ROJA,Opp,72,84,83,84,1,K,E,K83-E334,
6RW8A,Opp,2310,2317,2315,2316,1,E,K,K2024-E2315,
6RW9A,Opp,2236,2244,2237,2242,5,R,E,,
6RW9A,Same,2236,2244,2237,2243,6,R,K,,
6RW9A,Opp,2236,2244,2242,2243,1,E,K,,
4RY2A,Opp,423,433,429,433,4,K,D,,
6S7VA,Opp,13,23,17,20,3,E,R,E17-R20,E17-R20
6SH3A,Same,10,26,21,26,5,R,K,,
6SHKA,Opp,29,40,30,34,4,E,K,E30-K34,E30-K34
6SHKA,Opp,29,40,30,38,8,E,H,E30-K34;H38-D42,
6SHKA,Same,29,40,30,39,9,E,D,E30-K34,
6SHKA,Same,29,40,34,38,4,K,H,E30-K34;H38-D42,
6SHKA,Opp,29,40,34,39,5,K,D,E30-K34,
6SHKA,Opp,29,40,38,39,1,H,D,H38-D42,
6SL56,Same,69,82,71,73,2,E,D,,
6SL56,Same,152,164,154,155,1,K,H,,
6SL56,Opp,152,164,154,158,4,K,D,,
6SL56,Same,152,164,154,162,8,K,K,,
6SL56,Opp,152,164,155,158,3,H,D,,
6SL56,Same,152,164,155,162,7,H,K,,
6SL56,Opp,152,164,158,162,4,D,K,,
5SV9A,Opp,278,289,286,287,1,D,H,H287-D310,
6SYTA,Same,1854,1861,1857,1860,3,D,E,,
6T6VA,Same,412,425,412,418,6,R,K,,
6T6VA,Opp,485,499,485,489,4,H,E,,
6T6VA,Opp,560,569,567,568,1,H,E,,
5TJ6A,Same,169,178,169,175,6,E,D,R156-D175;D175-R202,
6TJVF,Same,389,402,399,402,3,E,D,,
6TK1A,Opp,241,256,244,248,4,D,K,D109-K248,
6TQEA,Same,133,144,135,138,3,H,R,,
6TQEA,Opp,133,144,135,142,7,H,D,,
6TQEA,Opp,133,144,138,142,4,R,D,,
6TQEA,Opp,376,387,378,379,1,H,D,,
6TQEA,Same,376,387,378,385,7,H,R,,
6TQEA,Opp,376,387,379,385,6,D,R,,
4TSYA,Opp,9,20,14,17,3,D,K,D14-K17,D14-K17
5TTPA,Opp,168,180,171,172,1,R,E,,
5TTPA,Same,315,324,319,322,3,R,K,,
6TT7K,Opp,20,41,20,28,8,E,K,,
6TT7S,Same,18,67,19,27,8,E,E,,
6TT7S,Opp,18,67,27,36,9,E,K,,
6TT7S,Opp,18,67,27,37,10,E,K,,
6TT7S,Same,18,67,36,37,1,K,K,,
6TT7S,Same,18,67,36,43,7,K,K,,
6TT7S,Same,18,67,37,43,6,K,K,,
6TT7S,Same,18,67,43,48,5,K,K,,
6TT7S,Same,18,67,43,53,10,K,K,,
6TT7S,Same,18,67,48,53,5,K,K,,
6TT7S,Opp,18,67,48,54,6,K,E,,
6TT7S,Opp,18,67,53,54,1,K,E,,
6TT7S,Same,18,67,54,64,10,E,E,,
5TWVB,Opp,301,310,301,305,4,R,D,,
5TWVB,Same,1012,1022,1018,1019,1,K,H,,
6U1SA,Opp,283,295,287,291,4,E,K,E287-K291,E287-K291
5U6OA,Same,87,96,90,96,6,D,D,D96-R180,
5U6OA,Same,130,141,132,140,8,D,D,D132-R183,
5U6OA,Same,173,181,174,177,3,R,R,,
5U6OA,Same,173,181,174,180,6,R,R,D96-R180,
5U6OA,Same,173,181,177,180,3,R,R,D96-R180,
5U70A,Opp,119,134,120,126,6,R,E,K34-E126,
5U70A,Same,243,260,258,259,1,E,E,,
6U8YH,Same,215,224,218,220,2,E,E,,
6U8YX,Same,337,343,339,343,4,H,K,,
5UARA,Opp,90,98,93,96,3,E,K,E93-K96,E93-K96
3UDCA,Opp,22,40,23,26,3,D,K,D23-K26,D23-K26
3UDCA,Same,22,40,26,36,10,K,K,D23-K26,
3UDCA,Opp,22,40,36,39,3,K,D,,
6UKJA,Same,275,286,280,283,3,D,D,H51-D280,
4UVMA,Same,12,21,14,17,3,E,E,E17-R18,
4UVMA,Opp,12,21,14,18,4,E,R,E17-R18,
4UVMA,Opp,12,21,17,18,1,E,R,E17-R18,E17-R18
6UWMA,Same,118,127,124,127,3,R,K,E36-R124;D63-K127,
5UZ7R,Same,88,105,88,91,3,H,H,,
5UZ7R,Opp,237,254,238,242,4,D,H,,
5UZ7R,Opp,237,254,238,246,8,D,H,,
5UZ7R,Same,237,254,242,246,4,H,H,,
6UZZA,Opp,93,107,93,99,6,K,D,R71-D99;E12-K93;D99-H137,
6UZZA,Same,132,138,134,137,3,R,H,E57-R134;E67-H137;D99-H137,
6V1QA,Same,483,491,485,488,3,R,R,D449-R488,
6V1QA,Same,483,491,485,491,6,R,R,E425-R491,
6V1QA,Same,483,491,488,491,3,R,R,E425-R491;D449-R488,
6V2JA,Opp,10,27,25,26,1,D,K,D25-R118;D25-K26,D25-K26
6V4DA,Opp,126,135,126,133,7,R,E,R30-E133,
5VKQA,Same,1187,1195,1188,1194,6,H,H,,
6VP0C,Same,216,225,217,218,1,R,R,R218-E221,
6VP0C,Opp,216,225,217,221,4,R,E,R218-E221,
6VP0C,Opp,216,225,218,221,3,R,E,R218-E221,R218-E221
6VP0C,Opp,345,357,352,353,1,H,E,,
6VX5E,Opp,8,24,9,10,1,R,E,R9-E10;E10-K264,R9-E10
6VX5E,Opp,42,55,45,46,1,D,R,,
6W4SF,Opp,16,26,16,23,7,H,D,H16-D165;D23-H27;D23-R24,
6W4SF,Same,16,26,16,24,8,H,R,H16-D165;D23-R24,
6W4SF,Opp,16,26,23,24,1,D,R,D23-H27;D23-R24,D23-R24
4W6VA,Same,21,31,24,27,3,E,E,E27-R28,
4W6VA,Opp,21,31,24,28,4,E,R,E27-R28,
4W6VA,Opp,21,31,27,28,1,E,R,E27-R28,E27-R28
6WB94,Same,153,162,157,158,1,R,K,,
6WB96,Opp,90,99,91,92,1,R,E,D29-R91,
3WDOA,Same,213,225,214,223,9,K,H,H223-E318,
6WHAA,Opp,69,82,72,82,10,D,H,,
5WIEB,Same,331,339,333,336,3,R,R,E263-R333;E263-R336;E220-R333,
5WIEB,Same,331,339,333,339,6,R,K,E263-R333;E273-K339;D296-K339;E220-R333,
5WIEB,Same,331,339,336,339,3,R,K,E263-R336;E273-K339;D296-K339,
3WMFA,Opp,79,91,82,89,7,E,R,E39-R89,
3WO7A,Same,47,61,48,57,9,R,K,,
3WO7A,Same,47,61,57,60,3,K,K,,
6WP8A,Opp,198,209,200,204,4,D,K,D74-K204;D200-K204,D200-K204
2WSWA,Opp,265,278,265,267,2,D,R,,
5WTRA,Opp,125,138,137,138,1,R,D,K23-D138;D97-R137;R137-D138,R137-D138
5WTRA,Opp,150,162,150,151,1,K,E,,
5X5YG,Same,54,72,58,59,1,R,R,R58-E125,
5X5YG,Opp,54,72,58,62,4,R,D,R58-E125,
5X5YG,Opp,54,72,59,62,3,R,D,,
5X5YG,Opp,306,320,315,319,4,R,D,,
5XAMA,Opp,601,611,604,605,1,H,D,,
4XEEA,Same,92,111,94,100,6,R,R,E75-R100;D90-R94,
4XEEA,Opp,92,111,94,101,7,R,D,D90-R94;D101-R279,
4XEEA,Opp,92,111,100,101,1,R,D,E75-R100;D101-R279,
4XEEA,Same,265,279,276,278,2,H,R,,
4XEEA,Same,265,279,276,279,3,H,R,D101-R279,
4XEEA,Same,265,279,278,279,1,R,R,D101-R279,
5XEFA,Opp,23,33,28,29,1,E,R,E28-R117,
5XEFA,Same,23,33,28,33,5,E,E,E28-R117;E33-K55,
5XEFA,Opp,23,33,29,33,4,R,E,E33-K55,
5XEFA,Opp,57,64,57,58,1,E,R,E57-K94,
5XEFA,Same,57,64,57,61,4,E,E,E57-K94;E61-K64,
5XEFA,Same,57,64,57,62,5,E,E,E57-K94,
5XEFA,Opp,57,64,57,64,7,E,K,E57-K94;E61-K64;K64-D84,
5XEFA,Opp,57,64,58,61,3,R,E,E61-K64,
5XEFA,Opp,57,64,58,62,4,R,E,,
5XEFA,Same,57,64,58,64,6,R,K,E61-K64;K64-D84,
5XEFA,Same,57,64,61,62,1,E,E,E61-K64,
5XEFA,Opp,57,64,61,64,3,E,K,E61-K64;K64-D84,E61-K64
5XEFA,Opp,57,64,62,64,2,E,K,E61-K64;K64-D84,
5XEZA,Opp,485,497,492,493,1,H,E,R439-E493,
5XJYA,Opp,1849,1858,1849,1857,8,R,E,,
5XMJC,Opp,158,170,164,166,2,E,H,,
6XMPA,Same,1177,1190,1179,1187,8,D,E,K990-E1187;H1066-D1179;E1187-K1191,
6XMPA,Opp,1177,1190,1179,1188,9,D,H,H1066-D1179,
6XMPA,Opp,1177,1190,1187,1188,1,E,H,K990-E1187;E1187-K1191,
4XNVA,Same,90,107,90,94,4,R,H,,
4XXJA,Opp,205,213,209,213,4,D,K,,
5Y78A,Same,81,88,82,86,4,H,H,,
5Y78A,Opp,104,110,105,108,3,K,E,E108-R264,
5Y78A,Opp,236,243,238,242,4,H,E,R62-E242;H238-E242,H238-E242
6Y7FA,Opp,103,116,109,112,3,K,E,K109-E112;E112-H166,K109-E112
6Y7FA,Opp,103,116,109,115,6,K,D,K109-E112;D115-H136,
6Y7FA,Same,103,116,112,115,3,E,D,K109-E112;E112-H166;D115-H136,
6Y7FA,Same,133,142,135,136,1,H,H,D115-H136,
2YEVA,Opp,772,779,775,778,3,H,D,,
5YHLA,Opp,257,273,257,266,9,R,D,R47-D266,
4YMSD,Opp,54,73,60,63,3,E,R,,
4YMSD,Opp,152,163,152,158,6,E,K,,
4YMSD,Same,152,163,152,159,7,E,E,,
4YMSD,Opp,152,163,158,159,1,K,E,,
4YTPC,Same,38,52,40,41,1,H,R,,
4YTPC,Same,90,103,96,102,6,H,R,,
4YTPC,Same,90,103,96,103,7,H,H,,
4YTPC,Same,90,103,102,103,1,R,H,,
6YTVA,Opp,11,18,12,13,1,E,R,,
5Z1FA,Opp,505,522,510,518,8,K,E,,
5Z1FA,Opp,505,522,518,521,3,E,R,,
4Z3NA,Same,390,402,395,396,1,R,H,,
5ZAZA,Same,28,41,37,41,4,K,H,,